id_personaje,codigo_origen,origen,personaje,alias_en_anexo,rol_en_anexo,genero,genero_estado,fuente_anexo,pagina_oficial_general
ff1-guerrero,ff1,Final Fantasy I,Guerrero,después Caballero,arquetipo jugable,hombre,clasificacion_canonica_pendiente_de_cita_individual,https://es.wikipedia.org/wiki/Anexo:Personajes_de_Final_Fantasy,https://na.finalfantasy.com/titles/finalfantasy
ff1-monje,ff1,Final Fantasy I,Monje,después Gran Maestro,arquetipo jugable,hombre,clasificacion_canonica_pendiente_de_cita_individual,https://es.wikipedia.org/wiki/Anexo:Personajes_de_Final_Fantasy,https://na.finalfantasy.com/titles/finalfantasy
ff1-ladron,ff1,Final Fantasy I,Ladrón,después Ninja,arquetipo jugable,hombre,clasificacion_canonica_pendiente_de_cita_individual,https://es.wikipedia.org/wiki/Anexo:Personajes_de_Final_Fantasy,https://na.finalfantasy.com/titles/finalfantasy
ff1-mago_rojo,ff1,Final Fantasy I,Mago Rojo,después Hechicero Rojo,arquetipo jugable,hombre,clasificacion_canonica_pendiente_de_cita_individual,https://es.wikipedia.org/wiki/Anexo:Personajes_de_Final_Fantasy,https://na.finalfantasy.com/titles/finalfantasy
ff1-maga_blanca,ff1,Final Fantasy I,Maga Blanca,después Hechicero Blanco,arquetipo jugable,otro,revision_manual,https://es.wikipedia.org/wiki/Anexo:Personajes_de_Final_Fantasy,https://na.finalfantasy.com/titles/finalfantasy
ff1-mago_negro,ff1,Final Fantasy I,Mago Negro,después Hechicero Negro,arquetipo jugable,hombre,clasificacion_canonica_pendiente_de_cita_individual,https://es.wikipedia.org/wiki/Anexo:Personajes_de_Final_Fantasy,https://na.finalfantasy.com/titles/finalfantasy
ff1-arylon,ff1,Final Fantasy I,Arylon,,otro personaje,hombre,clasificacion_canonica_pendiente_de_cita_individual,https://es.wikipedia.org/wiki/Anexo:Personajes_de_Final_Fantasy,https://na.finalfantasy.com/titles/finalfantasy
ff1-astos,ff1,Final Fantasy I,Astos,,otro personaje,hombre,clasificacion_canonica_pendiente_de_cita_individual,https://es.wikipedia.org/wiki/Anexo:Personajes_de_Final_Fantasy,https://na.finalfantasy.com/titles/finalfantasy
ff1-bahamut,ff1,Final Fantasy I,Bahamut,,otro personaje,otro,revision_manual,https://es.wikipedia.org/wiki/Anexo:Personajes_de_Final_Fantasy,https://na.finalfantasy.com/titles/finalfantasy
ff1-bikke,ff1,Final Fantasy I,Bikke,,otro personaje,hombre,clasificacion_canonica_pendiente_de_cita_individual,https://es.wikipedia.org/wiki/Anexo:Personajes_de_Final_Fantasy,https://na.finalfantasy.com/titles/finalfantasy
ff1-chaos,ff1,Final Fantasy I,Chaos,,otro personaje,otro,revision_manual,https://es.wikipedia.org/wiki/Anexo:Personajes_de_Final_Fantasy,https://na.finalfantasy.com/titles/finalfantasy
ff1-darryl,ff1,Final Fantasy I,Darryl,,otro personaje,hombre,clasificacion_canonica_pendiente_de_cita_individual,https://es.wikipedia.org/wiki/Anexo:Personajes_de_Final_Fantasy,https://na.finalfantasy.com/titles/finalfantasy
ff1-garland,ff1,Final Fantasy I,Garland,,otro personaje,hombre,clasificacion_canonica_pendiente_de_cita_individual,https://es.wikipedia.org/wiki/Anexo:Personajes_de_Final_Fantasy,https://na.finalfantasy.com/titles/finalfantasy
ff1-queen_jayne,ff1,Final Fantasy I,Queen Jayne,Queen Jane,otro personaje,mujer,clasificacion_canonica_pendiente_de_cita_individual,https://es.wikipedia.org/wiki/Anexo:Personajes_de_Final_Fantasy,https://na.finalfantasy.com/titles/finalfantasy
ff1-koppe,ff1,Final Fantasy I,Koppe,Kope,otro personaje,hombre,clasificacion_canonica_pendiente_de_cita_individual,https://es.wikipedia.org/wiki/Anexo:Personajes_de_Final_Fantasy,https://na.finalfantasy.com/titles/finalfantasy
ff1-kraken,ff1,Final Fantasy I,Kraken,,otro personaje,otro,revision_manual,https://es.wikipedia.org/wiki/Anexo:Personajes_de_Final_Fantasy,https://na.finalfantasy.com/titles/finalfantasy
ff1-lich,ff1,Final Fantasy I,Lich,,otro personaje,otro,revision_manual,https://es.wikipedia.org/wiki/Anexo:Personajes_de_Final_Fantasy,https://na.finalfantasy.com/titles/finalfantasy
ff1-lukahn,ff1,Final Fantasy I,Lukahn,,otro personaje,hombre,clasificacion_canonica_pendiente_de_cita_individual,https://es.wikipedia.org/wiki/Anexo:Personajes_de_Final_Fantasy,https://na.finalfantasy.com/titles/finalfantasy
ff1-marilith,ff1,Final Fantasy I,Marilith,Kary,otro personaje,otro,revision_manual,https://es.wikipedia.org/wiki/Anexo:Personajes_de_Final_Fantasy,https://na.finalfantasy.com/titles/finalfantasy
ff1-matoya,ff1,Final Fantasy I,Matoya,,otro personaje,mujer,clasificacion_canonica_pendiente_de_cita_individual,https://es.wikipedia.org/wiki/Anexo:Personajes_de_Final_Fantasy,https://na.finalfantasy.com/titles/finalfantasy
ff1-nerrick,ff1,Final Fantasy I,Nerrick,Nelic,otro personaje,hombre,clasificacion_canonica_pendiente_de_cita_individual,https://es.wikipedia.org/wiki/Anexo:Personajes_de_Final_Fantasy,https://na.finalfantasy.com/titles/finalfantasy
ff1-princess_sarah,ff1,Final Fantasy I,Princess Sarah,Princess Sara,otro personaje,mujer,clasificacion_canonica_pendiente_de_cita_individual,https://es.wikipedia.org/wiki/Anexo:Personajes_de_Final_Fantasy,https://na.finalfantasy.com/titles/finalfantasy
ff1-principe_elfo,ff1,Final Fantasy I,Príncipe elfo,,otro personaje,hombre,clasificacion_canonica_pendiente_de_cita_individual,https://es.wikipedia.org/wiki/Anexo:Personajes_de_Final_Fantasy,https://na.finalfantasy.com/titles/finalfantasy
ff1-smyth,ff1,Final Fantasy I,Smyth,Smith,otro personaje,hombre,clasificacion_canonica_pendiente_de_cita_individual,https://es.wikipedia.org/wiki/Anexo:Personajes_de_Final_Fantasy,https://na.finalfantasy.com/titles/finalfantasy
ff1-tiamat,ff1,Final Fantasy I,Tiamat,,otro personaje,otro,revision_manual,https://es.wikipedia.org/wiki/Anexo:Personajes_de_Final_Fantasy,https://na.finalfantasy.com/titles/finalfantasy
ff1-scholar_une,ff1,Final Fantasy I,Scholar Une,Dr. Unne,otro personaje,hombre,clasificacion_canonica_pendiente_de_cita_individual,https://es.wikipedia.org/wiki/Anexo:Personajes_de_Final_Fantasy,https://na.finalfantasy.com/titles/finalfantasy
ff1-jim,ff1,Final Fantasy I,Jim,Watts,otro personaje,hombre,clasificacion_canonica_pendiente_de_cita_individual,https://es.wikipedia.org/wiki/Anexo:Personajes_de_Final_Fantasy,https://na.finalfantasy.com/titles/finalfantasy
ff2-firion,ff2,Final Fantasy II,Firion,,jugable,hombre,clasificacion_canonica_pendiente_de_cita_individual,https://es.wikipedia.org/wiki/Anexo:Personajes_de_Final_Fantasy,https://na.finalfantasy.com/titles/finalfantasy2
ff2-maria,ff2,Final Fantasy II,María,,jugable,mujer,clasificacion_canonica_pendiente_de_cita_individual,https://es.wikipedia.org/wiki/Anexo:Personajes_de_Final_Fantasy,https://na.finalfantasy.com/titles/finalfantasy2
ff2-guy,ff2,Final Fantasy II,Guy,,jugable,hombre,clasificacion_canonica_pendiente_de_cita_individual,https://es.wikipedia.org/wiki/Anexo:Personajes_de_Final_Fantasy,https://na.finalfantasy.com/titles/finalfantasy2
ff2-leon,ff2,Final Fantasy II,Leon,,jugable,hombre,clasificacion_canonica_pendiente_de_cita_individual,https://es.wikipedia.org/wiki/Anexo:Personajes_de_Final_Fantasy,https://na.finalfantasy.com/titles/finalfantasy2
ff2-minwu,ff2,Final Fantasy II,Minwu,,otro personaje,hombre,clasificacion_canonica_pendiente_de_cita_individual,https://es.wikipedia.org/wiki/Anexo:Personajes_de_Final_Fantasy,https://na.finalfantasy.com/titles/finalfantasy2
ff2-josef,ff2,Final Fantasy II,Josef,,otro personaje,hombre,clasificacion_canonica_pendiente_de_cita_individual,https://es.wikipedia.org/wiki/Anexo:Personajes_de_Final_Fantasy,https://na.finalfantasy.com/titles/finalfantasy2
ff2-gordon,ff2,Final Fantasy II,Gordon,,otro personaje,hombre,clasificacion_canonica_pendiente_de_cita_individual,https://es.wikipedia.org/wiki/Anexo:Personajes_de_Final_Fantasy,https://na.finalfantasy.com/titles/finalfantasy2
ff2-leila,ff2,Final Fantasy II,Leila,,otro personaje,mujer,clasificacion_canonica_pendiente_de_cita_individual,https://es.wikipedia.org/wiki/Anexo:Personajes_de_Final_Fantasy,https://na.finalfantasy.com/titles/finalfantasy2
ff2-ricard_highwind,ff2,Final Fantasy II,Ricard Highwind,,otro personaje,hombre,clasificacion_canonica_pendiente_de_cita_individual,https://es.wikipedia.org/wiki/Anexo:Personajes_de_Final_Fantasy,https://na.finalfantasy.com/titles/finalfantasy2
ff2-emperador_mateus_palamecia,ff2,Final Fantasy II,Emperador Mateus Palamecia,,otro personaje,hombre,clasificacion_canonica_pendiente_de_cita_individual,https://es.wikipedia.org/wiki/Anexo:Personajes_de_Final_Fantasy,https://na.finalfantasy.com/titles/finalfantasy2
ff3-luneth,ff3,Final Fantasy III,Luneth,,jugable,hombre,clasificacion_canonica_pendiente_de_cita_individual,https://es.wikipedia.org/wiki/Anexo:Personajes_de_Final_Fantasy,https://na.finalfantasy.com/titles/finalfantasy3
ff3-arc,ff3,Final Fantasy III,Arc,,jugable,hombre,clasificacion_canonica_pendiente_de_cita_individual,https://es.wikipedia.org/wiki/Anexo:Personajes_de_Final_Fantasy,https://na.finalfantasy.com/titles/finalfantasy3
ff3-refia,ff3,Final Fantasy III,Refia,,jugable,mujer,clasificacion_canonica_pendiente_de_cita_individual,https://es.wikipedia.org/wiki/Anexo:Personajes_de_Final_Fantasy,https://na.finalfantasy.com/titles/finalfantasy3
ff3-ingus,ff3,Final Fantasy III,Ingus,,jugable,hombre,clasificacion_canonica_pendiente_de_cita_individual,https://es.wikipedia.org/wiki/Anexo:Personajes_de_Final_Fantasy,https://na.finalfantasy.com/titles/finalfantasy3
ff3-desch,ff3,Final Fantasy III,Desch,,apoyo,hombre,clasificacion_canonica_pendiente_de_cita_individual,https://es.wikipedia.org/wiki/Anexo:Personajes_de_Final_Fantasy,https://na.finalfantasy.com/titles/finalfantasy3
ff3-cid_haze,ff3,Final Fantasy III,Cid Haze,,apoyo,hombre,clasificacion_canonica_pendiente_de_cita_individual,https://es.wikipedia.org/wiki/Anexo:Personajes_de_Final_Fantasy,https://na.finalfantasy.com/titles/finalfantasy3
ff3-sara_altney,ff3,Final Fantasy III,Sara Altney,,apoyo,mujer,clasificacion_canonica_pendiente_de_cita_individual,https://es.wikipedia.org/wiki/Anexo:Personajes_de_Final_Fantasy,https://na.finalfantasy.com/titles/finalfantasy3
ff3-aria_benett,ff3,Final Fantasy III,Aria Benett,,apoyo,mujer,clasificacion_canonica_pendiente_de_cita_individual,https://es.wikipedia.org/wiki/Anexo:Personajes_de_Final_Fantasy,https://na.finalfantasy.com/titles/finalfantasy3
ff3-alus_restor,ff3,Final Fantasy III,Alus Restor,,apoyo,hombre,clasificacion_canonica_pendiente_de_cita_individual,https://es.wikipedia.org/wiki/Anexo:Personajes_de_Final_Fantasy,https://na.finalfantasy.com/titles/finalfantasy3
ff3-doga,ff3,Final Fantasy III,Doga,,apoyo,hombre,clasificacion_canonica_pendiente_de_cita_individual,https://es.wikipedia.org/wiki/Anexo:Personajes_de_Final_Fantasy,https://na.finalfantasy.com/titles/finalfantasy3
ff3-unei,ff3,Final Fantasy III,Unei,,apoyo,mujer,clasificacion_canonica_pendiente_de_cita_individual,https://es.wikipedia.org/wiki/Anexo:Personajes_de_Final_Fantasy,https://na.finalfantasy.com/titles/finalfantasy3
ff4-cecil_harvey,ff4,Final Fantasy IV,Cecil Harvey,,personaje,hombre,clasificacion_canonica_pendiente_de_cita_individual,https://es.wikipedia.org/wiki/Anexo:Personajes_de_Final_Fantasy,https://na.finalfantasy.com/titles/finalfantasy4
ff4-rosa_joanna_farrell,ff4,Final Fantasy IV,Rosa Joanna Farrell,,personaje,mujer,clasificacion_canonica_pendiente_de_cita_individual,https://es.wikipedia.org/wiki/Anexo:Personajes_de_Final_Fantasy,https://na.finalfantasy.com/titles/finalfantasy4
ff4-kain_highwind,ff4,Final Fantasy IV,Kain Highwind,,personaje,hombre,clasificacion_canonica_pendiente_de_cita_individual,https://es.wikipedia.org/wiki/Anexo:Personajes_de_Final_Fantasy,https://na.finalfantasy.com/titles/finalfantasy4
ff4-rydia,ff4,Final Fantasy IV,Rydia,,personaje,mujer,clasificacion_canonica_pendiente_de_cita_individual,https://es.wikipedia.org/wiki/Anexo:Personajes_de_Final_Fantasy,https://na.finalfantasy.com/titles/finalfantasy4
ff4-edge_geraldine,ff4,Final Fantasy IV,Edge Geraldine,,personaje,hombre,clasificacion_canonica_pendiente_de_cita_individual,https://es.wikipedia.org/wiki/Anexo:Personajes_de_Final_Fantasy,https://na.finalfantasy.com/titles/finalfantasy4
ff4-tellah,ff4,Final Fantasy IV,Tellah,,personaje,hombre,clasificacion_canonica_pendiente_de_cita_individual,https://es.wikipedia.org/wiki/Anexo:Personajes_de_Final_Fantasy,https://na.finalfantasy.com/titles/finalfantasy4
ff4-yang_fang_leiden,ff4,Final Fantasy IV,Yang Fang Leiden,,personaje,hombre,clasificacion_canonica_pendiente_de_cita_individual,https://es.wikipedia.org/wiki/Anexo:Personajes_de_Final_Fantasy,https://na.finalfantasy.com/titles/finalfantasy4
ff4-cid_pollendina,ff4,Final Fantasy IV,Cid Pollendina,,personaje,hombre,clasificacion_canonica_pendiente_de_cita_individual,https://es.wikipedia.org/wiki/Anexo:Personajes_de_Final_Fantasy,https://na.finalfantasy.com/titles/finalfantasy4
ff4-palom,ff4,Final Fantasy IV,Palom,,personaje,hombre,clasificacion_canonica_pendiente_de_cita_individual,https://es.wikipedia.org/wiki/Anexo:Personajes_de_Final_Fantasy,https://na.finalfantasy.com/titles/finalfantasy4
ff4-porom,ff4,Final Fantasy IV,Porom,,personaje,mujer,clasificacion_canonica_pendiente_de_cita_individual,https://es.wikipedia.org/wiki/Anexo:Personajes_de_Final_Fantasy,https://na.finalfantasy.com/titles/finalfantasy4
ff4-edward_chris_von_muir,ff4,Final Fantasy IV,Edward Chris von Muir,,personaje,hombre,clasificacion_canonica_pendiente_de_cita_individual,https://es.wikipedia.org/wiki/Anexo:Personajes_de_Final_Fantasy,https://na.finalfantasy.com/titles/finalfantasy4
ff4-fusoya,ff4,Final Fantasy IV,Fusoya,,personaje,hombre,clasificacion_canonica_pendiente_de_cita_individual,https://es.wikipedia.org/wiki/Anexo:Personajes_de_Final_Fantasy,https://na.finalfantasy.com/titles/finalfantasy4
ff4-golbez,ff4,Final Fantasy IV,Golbez,,personaje,hombre,clasificacion_canonica_pendiente_de_cita_individual,https://es.wikipedia.org/wiki/Anexo:Personajes_de_Final_Fantasy,https://na.finalfantasy.com/titles/finalfantasy4
ff5-bartz_klauser,ff5,Final Fantasy V,Bartz Klauser,,jugable,hombre,clasificacion_canonica_pendiente_de_cita_individual,https://es.wikipedia.org/wiki/Anexo:Personajes_de_Final_Fantasy,https://na.finalfantasy.com/titles/finalfantasy5
ff5-lenna_charlotte_tycoon,ff5,Final Fantasy V,Lenna Charlotte Tycoon,,jugable,mujer,clasificacion_canonica_pendiente_de_cita_individual,https://es.wikipedia.org/wiki/Anexo:Personajes_de_Final_Fantasy,https://na.finalfantasy.com/titles/finalfantasy5
ff5-faris_scherwiz,ff5,Final Fantasy V,Faris Scherwiz,Sarisa Tycoon,jugable,mujer,clasificacion_canonica_pendiente_de_cita_individual,https://es.wikipedia.org/wiki/Anexo:Personajes_de_Final_Fantasy,https://na.finalfantasy.com/titles/finalfantasy5
ff5-galuf_halm_baldesion,ff5,Final Fantasy V,Galuf Halm Baldesion,,jugable,hombre,clasificacion_canonica_pendiente_de_cita_individual,https://es.wikipedia.org/wiki/Anexo:Personajes_de_Final_Fantasy,https://na.finalfantasy.com/titles/finalfantasy5
ff5-krile_mayer_baldesion,ff5,Final Fantasy V,Krile Mayer Baldesion,,jugable,mujer,clasificacion_canonica_pendiente_de_cita_individual,https://es.wikipedia.org/wiki/Anexo:Personajes_de_Final_Fantasy,https://na.finalfantasy.com/titles/finalfantasy5
ff5-exdeath,ff5,Final Fantasy V,Exdeath,,enemigo,hombre,clasificacion_canonica_pendiente_de_cita_individual,https://es.wikipedia.org/wiki/Anexo:Personajes_de_Final_Fantasy,https://na.finalfantasy.com/titles/finalfantasy5
ff5-gilgamesh,ff5,Final Fantasy V,Gilgamesh,,enemigo,hombre,clasificacion_canonica_pendiente_de_cita_individual,https://es.wikipedia.org/wiki/Anexo:Personajes_de_Final_Fantasy,https://na.finalfantasy.com/titles/finalfantasy5
ff5-enuo,ff5,Final Fantasy V,Enuo,,enemigo,hombre,clasificacion_canonica_pendiente_de_cita_individual,https://es.wikipedia.org/wiki/Anexo:Personajes_de_Final_Fantasy,https://na.finalfantasy.com/titles/finalfantasy5
ff5-dorgann_klauser,ff5,Final Fantasy V,Dorgann Klauser,,secundario,hombre,clasificacion_canonica_pendiente_de_cita_individual,https://es.wikipedia.org/wiki/Anexo:Personajes_de_Final_Fantasy,https://na.finalfantasy.com/titles/finalfantasy5
ff5-kelger_vlondett,ff5,Final Fantasy V,Kelger Vlondett,,secundario,hombre,clasificacion_canonica_pendiente_de_cita_individual,https://es.wikipedia.org/wiki/Anexo:Personajes_de_Final_Fantasy,https://na.finalfantasy.com/titles/finalfantasy5
ff5-xezat_matias_surgate,ff5,Final Fantasy V,Xezat Matias Surgate,,secundario,hombre,clasificacion_canonica_pendiente_de_cita_individual,https://es.wikipedia.org/wiki/Anexo:Personajes_de_Final_Fantasy,https://na.finalfantasy.com/titles/finalfantasy5
ff5-alexander_highwind_tycoon,ff5,Final Fantasy V,Alexander Highwind Tycoon,,secundario,hombre,clasificacion_canonica_pendiente_de_cita_individual,https://es.wikipedia.org/wiki/Anexo:Personajes_de_Final_Fantasy,https://na.finalfantasy.com/titles/finalfantasy5
ff5-cid_previa,ff5,Final Fantasy V,Cid Previa,,secundario,hombre,clasificacion_canonica_pendiente_de_cita_individual,https://es.wikipedia.org/wiki/Anexo:Personajes_de_Final_Fantasy,https://na.finalfantasy.com/titles/finalfantasy5
ff5-mid_previa,ff5,Final Fantasy V,Mid Previa,,secundario,hombre,clasificacion_canonica_pendiente_de_cita_individual,https://es.wikipedia.org/wiki/Anexo:Personajes_de_Final_Fantasy,https://na.finalfantasy.com/titles/finalfantasy5
ff5-boko,ff5,Final Fantasy V,Boko,,secundario,otro,revision_manual,https://es.wikipedia.org/wiki/Anexo:Personajes_de_Final_Fantasy,https://na.finalfantasy.com/titles/finalfantasy5
ff5-syldra,ff5,Final Fantasy V,Syldra,,secundario,otro,revision_manual,https://es.wikipedia.org/wiki/Anexo:Personajes_de_Final_Fantasy,https://na.finalfantasy.com/titles/finalfantasy5
ff5-hiryuu,ff5,Final Fantasy V,Hiryuu,,secundario,otro,revision_manual,https://es.wikipedia.org/wiki/Anexo:Personajes_de_Final_Fantasy,https://na.finalfantasy.com/titles/finalfantasy5
ff5-ghido,ff5,Final Fantasy V,Ghido,,secundario,otro,revision_manual,https://es.wikipedia.org/wiki/Anexo:Personajes_de_Final_Fantasy,https://na.finalfantasy.com/titles/finalfantasy5
ff6-terra_branford,ff6,Final Fantasy VI,Terra Branford,Tina Branford,jugable,mujer,clasificacion_canonica_pendiente_de_cita_individual,https://es.wikipedia.org/wiki/Anexo:Personajes_de_Final_Fantasy,https://na.finalfantasy.com/titles/finalfantasy6
ff6-locke_cole,ff6,Final Fantasy VI,Locke Cole,Lock Cole,jugable,hombre,clasificacion_canonica_pendiente_de_cita_individual,https://es.wikipedia.org/wiki/Anexo:Personajes_de_Final_Fantasy,https://na.finalfantasy.com/titles/finalfantasy6
ff6-edgar_roni_figaro,ff6,Final Fantasy VI,Edgar Roni Figaro,King Edgar Roni Figaro,jugable,hombre,clasificacion_canonica_pendiente_de_cita_individual,https://es.wikipedia.org/wiki/Anexo:Personajes_de_Final_Fantasy,https://na.finalfantasy.com/titles/finalfantasy6
ff6-sabin_rene_figaro,ff6,Final Fantasy VI,Sabin René Figaro,Mash Rene Figaro,jugable,hombre,clasificacion_canonica_pendiente_de_cita_individual,https://es.wikipedia.org/wiki/Anexo:Personajes_de_Final_Fantasy,https://na.finalfantasy.com/titles/finalfantasy6
ff6-cyan_garamonde,ff6,Final Fantasy VI,Cyan Garamonde,Cayenne Garamond,jugable,hombre,clasificacion_canonica_pendiente_de_cita_individual,https://es.wikipedia.org/wiki/Anexo:Personajes_de_Final_Fantasy,https://na.finalfantasy.com/titles/finalfantasy6
ff6-gau,ff6,Final Fantasy VI,Gau,,jugable,hombre,clasificacion_canonica_pendiente_de_cita_individual,https://es.wikipedia.org/wiki/Anexo:Personajes_de_Final_Fantasy,https://na.finalfantasy.com/titles/finalfantasy6
ff6-shadow,ff6,Final Fantasy VI,Shadow,Clyde Arrowny,jugable,hombre,clasificacion_canonica_pendiente_de_cita_individual,https://es.wikipedia.org/wiki/Anexo:Personajes_de_Final_Fantasy,https://na.finalfantasy.com/titles/finalfantasy6
ff6-celes_chere,ff6,Final Fantasy VI,Celes Chere,Shōgun Celes Chère,jugable,mujer,clasificacion_canonica_pendiente_de_cita_individual,https://es.wikipedia.org/wiki/Anexo:Personajes_de_Final_Fantasy,https://na.finalfantasy.com/titles/finalfantasy6
ff6-setzer_gabbiani,ff6,Final Fantasy VI,Setzer Gabbiani,,jugable,hombre,clasificacion_canonica_pendiente_de_cita_individual,https://es.wikipedia.org/wiki/Anexo:Personajes_de_Final_Fantasy,https://na.finalfantasy.com/titles/finalfantasy6
ff6-strago_magus,ff6,Final Fantasy VI,Strago Magus,Stragus Magus,jugable,hombre,clasificacion_canonica_pendiente_de_cita_individual,https://es.wikipedia.org/wiki/Anexo:Personajes_de_Final_Fantasy,https://na.finalfantasy.com/titles/finalfantasy6
ff6-relm_arrowny,ff6,Final Fantasy VI,Relm Arrowny,,jugable,mujer,clasificacion_canonica_pendiente_de_cita_individual,https://es.wikipedia.org/wiki/Anexo:Personajes_de_Final_Fantasy,https://na.finalfantasy.com/titles/finalfantasy6
ff6-mog,ff6,Final Fantasy VI,Mog,,jugable,hombre,clasificacion_canonica_pendiente_de_cita_individual,https://es.wikipedia.org/wiki/Anexo:Personajes_de_Final_Fantasy,https://na.finalfantasy.com/titles/finalfantasy6
ff6-gogo,ff6,Final Fantasy VI,Gogo,,jugable,otro,revision_manual,https://es.wikipedia.org/wiki/Anexo:Personajes_de_Final_Fantasy,https://na.finalfantasy.com/titles/finalfantasy6
ff6-umaro,ff6,Final Fantasy VI,Umaro,,jugable,hombre,clasificacion_canonica_pendiente_de_cita_individual,https://es.wikipedia.org/wiki/Anexo:Personajes_de_Final_Fantasy,https://na.finalfantasy.com/titles/finalfantasy6
ff6-arvis,ff6,Final Fantasy VI,Arvis,Jun,otro personaje,hombre,clasificacion_canonica_pendiente_de_cita_individual,https://es.wikipedia.org/wiki/Anexo:Personajes_de_Final_Fantasy,https://na.finalfantasy.com/titles/finalfantasy6
ff6-banon,ff6,Final Fantasy VI,Banon,Bannan,otro personaje,hombre,clasificacion_canonica_pendiente_de_cita_individual,https://es.wikipedia.org/wiki/Anexo:Personajes_de_Final_Fantasy,https://na.finalfantasy.com/titles/finalfantasy6
ff6-baram,ff6,Final Fantasy VI,Baram,Billy,otro personaje,hombre,clasificacion_canonica_pendiente_de_cita_individual,https://es.wikipedia.org/wiki/Anexo:Personajes_de_Final_Fantasy,https://na.finalfantasy.com/titles/finalfantasy6
ff6-kefka_palazzo,ff6,Final Fantasy VI,Kefka Palazzo,Cefca Palazzo,otro personaje,hombre,clasificacion_canonica_pendiente_de_cita_individual,https://es.wikipedia.org/wiki/Anexo:Personajes_de_Final_Fantasy,https://na.finalfantasy.com/titles/finalfantasy6
ff6-cid_del_norte_marguez,ff6,Final Fantasy VI,Cid del Norte Marguez,,otro personaje,hombre,clasificacion_canonica_pendiente_de_cita_individual,https://es.wikipedia.org/wiki/Anexo:Personajes_de_Final_Fantasy,https://na.finalfantasy.com/titles/finalfantasy6
ff6-daryl,ff6,Final Fantasy VI,Daryl,,otro personaje,mujer,clasificacion_canonica_pendiente_de_cita_individual,https://es.wikipedia.org/wiki/Anexo:Personajes_de_Final_Fantasy,https://na.finalfantasy.com/titles/finalfantasy6
ff6-duane,ff6,Final Fantasy VI,Duane,,otro personaje,hombre,clasificacion_canonica_pendiente_de_cita_individual,https://es.wikipedia.org/wiki/Anexo:Personajes_de_Final_Fantasy,https://na.finalfantasy.com/titles/finalfantasy6
ff6-duncan,ff6,Final Fantasy VI,Duncan,,otro personaje,hombre,clasificacion_canonica_pendiente_de_cita_individual,https://es.wikipedia.org/wiki/Anexo:Personajes_de_Final_Fantasy,https://na.finalfantasy.com/titles/finalfantasy6
ff6-emperor_gestahl,ff6,Final Fantasy VI,Emperor Gestahl,Ghastra,otro personaje,hombre,clasificacion_canonica_pendiente_de_cita_individual,https://es.wikipedia.org/wiki/Anexo:Personajes_de_Final_Fantasy,https://na.finalfantasy.com/titles/finalfantasy6
ff6-interceptor,ff6,Final Fantasy VI,Interceptor,,otro personaje,otro,revision_manual,https://es.wikipedia.org/wiki/Anexo:Personajes_de_Final_Fantasy,https://na.finalfantasy.com/titles/finalfantasy6
ff6-katarin,ff6,Final Fantasy VI,Katarin,Catalina,otro personaje,mujer,clasificacion_canonica_pendiente_de_cita_individual,https://es.wikipedia.org/wiki/Anexo:Personajes_de_Final_Fantasy,https://na.finalfantasy.com/titles/finalfantasy6
ff6-general_leo,ff6,Final Fantasy VI,General Leo,Shōgun Leo Cristophe,otro personaje,hombre,clasificacion_canonica_pendiente_de_cita_individual,https://es.wikipedia.org/wiki/Anexo:Personajes_de_Final_Fantasy,https://na.finalfantasy.com/titles/finalfantasy6
ff6-lone_wolf,ff6,Final Fantasy VI,Lone Wolf,,otro personaje,hombre,clasificacion_canonica_pendiente_de_cita_individual,https://es.wikipedia.org/wiki/Anexo:Personajes_de_Final_Fantasy,https://na.finalfantasy.com/titles/finalfantasy6
ff6-madonna,ff6,Final Fantasy VI,Madonna,Madaline,otro personaje,mujer,clasificacion_canonica_pendiente_de_cita_individual,https://es.wikipedia.org/wiki/Anexo:Personajes_de_Final_Fantasy,https://na.finalfantasy.com/titles/finalfantasy6
ff6-rachel,ff6,Final Fantasy VI,Rachel,,otro personaje,mujer,clasificacion_canonica_pendiente_de_cita_individual,https://es.wikipedia.org/wiki/Anexo:Personajes_de_Final_Fantasy,https://na.finalfantasy.com/titles/finalfantasy6
ff6-ultros,ff6,Final Fantasy VI,Ultros,Orthros,otro personaje,otro,revision_manual,https://es.wikipedia.org/wiki/Anexo:Personajes_de_Final_Fantasy,https://na.finalfantasy.com/titles/finalfantasy6
ff6-biggs,ff6,Final Fantasy VI,Biggs,Vicks,otro personaje,hombre,clasificacion_canonica_pendiente_de_cita_individual,https://es.wikipedia.org/wiki/Anexo:Personajes_de_Final_Fantasy,https://na.finalfantasy.com/titles/finalfantasy6
ff6-wedge,ff6,Final Fantasy VI,Wedge,,otro personaje,hombre,clasificacion_canonica_pendiente_de_cita_individual,https://es.wikipedia.org/wiki/Anexo:Personajes_de_Final_Fantasy,https://na.finalfantasy.com/titles/finalfantasy6
ff6-yura,ff6,Final Fantasy VI,Yura,,otro personaje,hombre,clasificacion_canonica_pendiente_de_cita_individual,https://es.wikipedia.org/wiki/Anexo:Personajes_de_Final_Fantasy,https://na.finalfantasy.com/titles/finalfantasy6
ff6-deathgaze,ff6,Final Fantasy VI,Deathgaze,Doom Gaze,monstruo,otro,revision_manual,https://es.wikipedia.org/wiki/Anexo:Personajes_de_Final_Fantasy,https://na.finalfantasy.com/titles/finalfantasy6
ff6-doom,ff6,Final Fantasy VI,Doom,Majin / Demon God,monstruo,otro,revision_manual,https://es.wikipedia.org/wiki/Anexo:Personajes_de_Final_Fantasy,https://na.finalfantasy.com/titles/finalfantasy6
ff6-goddess,ff6,Final Fantasy VI,Goddess,Megami,monstruo,mujer,clasificacion_canonica_pendiente_de_cita_individual,https://es.wikipedia.org/wiki/Anexo:Personajes_de_Final_Fantasy,https://na.finalfantasy.com/titles/finalfantasy6
ff6-phunbaba,ff6,Final Fantasy VI,Phunbaba,Hunbaba,monstruo,otro,revision_manual,https://es.wikipedia.org/wiki/Anexo:Personajes_de_Final_Fantasy,https://na.finalfantasy.com/titles/finalfantasy6
ff6-phantom_train,ff6,Final Fantasy VI,Phantom Train,Spirit Train,monstruo,otro,revision_manual,https://es.wikipedia.org/wiki/Anexo:Personajes_de_Final_Fantasy,https://na.finalfantasy.com/titles/finalfantasy6
ff6-poltergeist,ff6,Final Fantasy VI,Poltergeist,Kishin / Fierce God,monstruo,otro,revision_manual,https://es.wikipedia.org/wiki/Anexo:Personajes_de_Final_Fantasy,https://na.finalfantasy.com/titles/finalfantasy6
ff6-typhon,ff6,Final Fantasy VI,Typhon,Chupon,monstruo,otro,revision_manual,https://es.wikipedia.org/wiki/Anexo:Personajes_de_Final_Fantasy,https://na.finalfantasy.com/titles/finalfantasy6
ff6-ultima_weapon,ff6,Final Fantasy VI,Ultima Weapon,Atma Weapon,monstruo,otro,revision_manual,https://es.wikipedia.org/wiki/Anexo:Personajes_de_Final_Fantasy,https://na.finalfantasy.com/titles/finalfantasy6
ff6-wrexsoul,ff6,Final Fantasy VI,Wrexsoul,Arwreksoul,monstruo,otro,revision_manual,https://es.wikipedia.org/wiki/Anexo:Personajes_de_Final_Fantasy,https://na.finalfantasy.com/titles/finalfantasy6
ff6-alexander,ff6,Final Fantasy VI,Alexander,,invocación,otro,revision_manual,https://es.wikipedia.org/wiki/Anexo:Personajes_de_Final_Fantasy,https://na.finalfantasy.com/titles/finalfantasy6
ff6-bahamut,ff6,Final Fantasy VI,Bahamut,,invocación,otro,revision_manual,https://es.wikipedia.org/wiki/Anexo:Personajes_de_Final_Fantasy,https://na.finalfantasy.com/titles/finalfantasy6
ff6-bismarck,ff6,Final Fantasy VI,Bismarck,Bismark,invocación,otro,revision_manual,https://es.wikipedia.org/wiki/Anexo:Personajes_de_Final_Fantasy,https://na.finalfantasy.com/titles/finalfantasy6
ff6-cait_sith,ff6,Final Fantasy VI,Cait Sith,Stray,invocación,otro,revision_manual,https://es.wikipedia.org/wiki/Anexo:Personajes_de_Final_Fantasy,https://na.finalfantasy.com/titles/finalfantasy6
ff6-fenrir,ff6,Final Fantasy VI,Fenrir,,invocación,otro,revision_manual,https://es.wikipedia.org/wiki/Anexo:Personajes_de_Final_Fantasy,https://na.finalfantasy.com/titles/finalfantasy6
ff6-golem,ff6,Final Fantasy VI,Golem,,invocación,otro,revision_manual,https://es.wikipedia.org/wiki/Anexo:Personajes_de_Final_Fantasy,https://na.finalfantasy.com/titles/finalfantasy6
ff6-ifrit,ff6,Final Fantasy VI,Ifrit,,invocación,otro,revision_manual,https://es.wikipedia.org/wiki/Anexo:Personajes_de_Final_Fantasy,https://na.finalfantasy.com/titles/finalfantasy6
ff6-crusader,ff6,Final Fantasy VI,Crusader,Jihad,invocación,otro,revision_manual,https://es.wikipedia.org/wiki/Anexo:Personajes_de_Final_Fantasy,https://na.finalfantasy.com/titles/finalfantasy6
ff6-catoblepas,ff6,Final Fantasy VI,Catoblepas,Shoat,invocación,otro,revision_manual,https://es.wikipedia.org/wiki/Anexo:Personajes_de_Final_Fantasy,https://na.finalfantasy.com/titles/finalfantasy6
ff6-kirin,ff6,Final Fantasy VI,Kirin,,invocación,otro,revision_manual,https://es.wikipedia.org/wiki/Anexo:Personajes_de_Final_Fantasy,https://na.finalfantasy.com/titles/finalfantasy6
ff6-lakshmi,ff6,Final Fantasy VI,Lakshmi,Starlet,invocación,mujer,clasificacion_canonica_pendiente_de_cita_individual,https://es.wikipedia.org/wiki/Anexo:Personajes_de_Final_Fantasy,https://na.finalfantasy.com/titles/finalfantasy6
ff6-maduin,ff6,Final Fantasy VI,Maduin,Madin,invocación,otro,revision_manual,https://es.wikipedia.org/wiki/Anexo:Personajes_de_Final_Fantasy,https://na.finalfantasy.com/titles/finalfantasy6
ff6-terrato,ff6,Final Fantasy VI,Terrato,Midgar Zolom,invocación,otro,revision_manual,https://es.wikipedia.org/wiki/Anexo:Personajes_de_Final_Fantasy,https://na.finalfantasy.com/titles/finalfantasy6
ff6-phantom,ff6,Final Fantasy VI,Phantom,,invocación,otro,revision_manual,https://es.wikipedia.org/wiki/Anexo:Personajes_de_Final_Fantasy,https://na.finalfantasy.com/titles/finalfantasy6
ff6-quetzali,ff6,Final Fantasy VI,Quetzali,Palidor,invocación,otro,revision_manual,https://es.wikipedia.org/wiki/Anexo:Personajes_de_Final_Fantasy,https://na.finalfantasy.com/titles/finalfantasy6
ff6-ragnarok,ff6,Final Fantasy VI,Ragnarok,,invocación,otro,revision_manual,https://es.wikipedia.org/wiki/Anexo:Personajes_de_Final_Fantasy,https://na.finalfantasy.com/titles/finalfantasy6
ff6-raiden,ff6,Final Fantasy VI,Raiden,,invocación,otro,revision_manual,https://es.wikipedia.org/wiki/Anexo:Personajes_de_Final_Fantasy,https://na.finalfantasy.com/titles/finalfantasy6
ff6-ramuh,ff6,Final Fantasy VI,Ramuh,,invocación,otro,revision_manual,https://es.wikipedia.org/wiki/Anexo:Personajes_de_Final_Fantasy,https://na.finalfantasy.com/titles/finalfantasy6
ff6-seraphim,ff6,Final Fantasy VI,Seraphim,Sraphim,invocación,otro,revision_manual,https://es.wikipedia.org/wiki/Anexo:Personajes_de_Final_Fantasy,https://na.finalfantasy.com/titles/finalfantasy6
ff6-shiva,ff6,Final Fantasy VI,Shiva,,invocación,mujer,clasificacion_canonica_pendiente_de_cita_individual,https://es.wikipedia.org/wiki/Anexo:Personajes_de_Final_Fantasy,https://na.finalfantasy.com/titles/finalfantasy6
ff6-siren,ff6,Final Fantasy VI,Siren,,invocación,mujer,clasificacion_canonica_pendiente_de_cita_individual,https://es.wikipedia.org/wiki/Anexo:Personajes_de_Final_Fantasy,https://na.finalfantasy.com/titles/finalfantasy6
ff6-unicorn,ff6,Final Fantasy VI,Unicorn,,invocación,otro,revision_manual,https://es.wikipedia.org/wiki/Anexo:Personajes_de_Final_Fantasy,https://na.finalfantasy.com/titles/finalfantasy6
ff6-valigarmanda,ff6,Final Fantasy VI,Valigarmanda,Tritoch,invocación,otro,revision_manual,https://es.wikipedia.org/wiki/Anexo:Personajes_de_Final_Fantasy,https://na.finalfantasy.com/titles/finalfantasy6
ff6-zoneseeker,ff6,Final Fantasy VI,Zoneseeker,ZoneSeek,invocación,otro,revision_manual,https://es.wikipedia.org/wiki/Anexo:Personajes_de_Final_Fantasy,https://na.finalfantasy.com/titles/finalfantasy6
ff7-cloud_strife,ff7,Final Fantasy VII,Cloud Strife,,jugable,hombre,clasificacion_canonica_pendiente_de_cita_individual,https://es.wikipedia.org/wiki/Anexo:Personajes_de_Final_Fantasy,https://na.finalfantasy.com/titles/finalfantasy7
ff7-aerith_gainsborough,ff7,Final Fantasy VII,Aerith Gainsborough,,jugable,mujer,clasificacion_canonica_pendiente_de_cita_individual,https://es.wikipedia.org/wiki/Anexo:Personajes_de_Final_Fantasy,https://na.finalfantasy.com/titles/finalfantasy7
ff7-tifa_lockhart,ff7,Final Fantasy VII,Tifa Lockhart,,jugable,mujer,clasificacion_canonica_pendiente_de_cita_individual,https://es.wikipedia.org/wiki/Anexo:Personajes_de_Final_Fantasy,https://na.finalfantasy.com/titles/finalfantasy7
ff7-red_xiii,ff7,Final Fantasy VII,Red XIII,Nanaki,jugable,otro,revision_manual,https://es.wikipedia.org/wiki/Anexo:Personajes_de_Final_Fantasy,https://na.finalfantasy.com/titles/finalfantasy7
ff7-cid_highwind,ff7,Final Fantasy VII,Cid Highwind,,jugable,hombre,clasificacion_canonica_pendiente_de_cita_individual,https://es.wikipedia.org/wiki/Anexo:Personajes_de_Final_Fantasy,https://na.finalfantasy.com/titles/finalfantasy7
ff7-barret_wallace,ff7,Final Fantasy VII,Barret Wallace,,jugable,hombre,clasificacion_canonica_pendiente_de_cita_individual,https://es.wikipedia.org/wiki/Anexo:Personajes_de_Final_Fantasy,https://na.finalfantasy.com/titles/finalfantasy7
ff7-cait_sith,ff7,Final Fantasy VII,Cait Sith,,jugable,otro,revision_manual,https://es.wikipedia.org/wiki/Anexo:Personajes_de_Final_Fantasy,https://na.finalfantasy.com/titles/finalfantasy7
ff7-yuffie_kisaragi,ff7,Final Fantasy VII,Yuffie Kisaragi,,jugable,mujer,clasificacion_canonica_pendiente_de_cita_individual,https://es.wikipedia.org/wiki/Anexo:Personajes_de_Final_Fantasy,https://na.finalfantasy.com/titles/finalfantasy7
ff7-vincent_valentine,ff7,Final Fantasy VII,Vincent Valentine,,jugable,hombre,clasificacion_canonica_pendiente_de_cita_individual,https://es.wikipedia.org/wiki/Anexo:Personajes_de_Final_Fantasy,https://na.finalfantasy.com/titles/finalfantasy7
ff7-sephiroth,ff7,Final Fantasy VII,Sephiroth,,villano,hombre,clasificacion_canonica_pendiente_de_cita_individual,https://es.wikipedia.org/wiki/Anexo:Personajes_de_Final_Fantasy,https://na.finalfantasy.com/titles/finalfantasy7
ff7-tseng,ff7,Final Fantasy VII,Tseng,,turco,hombre,clasificacion_canonica_pendiente_de_cita_individual,https://es.wikipedia.org/wiki/Anexo:Personajes_de_Final_Fantasy,https://na.finalfantasy.com/titles/finalfantasy7
ff7-reno,ff7,Final Fantasy VII,Reno,,turco,hombre,clasificacion_canonica_pendiente_de_cita_individual,https://es.wikipedia.org/wiki/Anexo:Personajes_de_Final_Fantasy,https://na.finalfantasy.com/titles/finalfantasy7
ff7-elena,ff7,Final Fantasy VII,Elena,,turco,mujer,clasificacion_canonica_pendiente_de_cita_individual,https://es.wikipedia.org/wiki/Anexo:Personajes_de_Final_Fantasy,https://na.finalfantasy.com/titles/finalfantasy7
ff7-rude,ff7,Final Fantasy VII,Rude,,turco,hombre,clasificacion_canonica_pendiente_de_cita_individual,https://es.wikipedia.org/wiki/Anexo:Personajes_de_Final_Fantasy,https://na.finalfantasy.com/titles/finalfantasy7
ff7-choco_mog,ff7,Final Fantasy VII,Choco/Mog,,invocación,otro,revision_manual,https://es.wikipedia.org/wiki/Anexo:Personajes_de_Final_Fantasy,https://na.finalfantasy.com/titles/finalfantasy7
ff7-shiva,ff7,Final Fantasy VII,Shiva,,invocación,mujer,clasificacion_canonica_pendiente_de_cita_individual,https://es.wikipedia.org/wiki/Anexo:Personajes_de_Final_Fantasy,https://na.finalfantasy.com/titles/finalfantasy7
ff7-ifrit,ff7,Final Fantasy VII,Ifrit,,invocación,otro,revision_manual,https://es.wikipedia.org/wiki/Anexo:Personajes_de_Final_Fantasy,https://na.finalfantasy.com/titles/finalfantasy7
ff7-ramuh,ff7,Final Fantasy VII,Ramuh,,invocación,otro,revision_manual,https://es.wikipedia.org/wiki/Anexo:Personajes_de_Final_Fantasy,https://na.finalfantasy.com/titles/finalfantasy7
ff7-titan,ff7,Final Fantasy VII,Titan,,invocación,otro,revision_manual,https://es.wikipedia.org/wiki/Anexo:Personajes_de_Final_Fantasy,https://na.finalfantasy.com/titles/finalfantasy7
ff7-odin,ff7,Final Fantasy VII,Odin,,invocación,otro,revision_manual,https://es.wikipedia.org/wiki/Anexo:Personajes_de_Final_Fantasy,https://na.finalfantasy.com/titles/finalfantasy7
ff7-leviathan,ff7,Final Fantasy VII,Leviathan,,invocación,otro,revision_manual,https://es.wikipedia.org/wiki/Anexo:Personajes_de_Final_Fantasy,https://na.finalfantasy.com/titles/finalfantasy7
ff7-bahamut,ff7,Final Fantasy VII,Bahamut,,invocación,otro,revision_manual,https://es.wikipedia.org/wiki/Anexo:Personajes_de_Final_Fantasy,https://na.finalfantasy.com/titles/finalfantasy7
ff7-kujata,ff7,Final Fantasy VII,Kujata,Kjata,invocación,otro,revision_manual,https://es.wikipedia.org/wiki/Anexo:Personajes_de_Final_Fantasy,https://na.finalfantasy.com/titles/finalfantasy7
ff7-alexander,ff7,Final Fantasy VII,Alexander,,invocación,otro,revision_manual,https://es.wikipedia.org/wiki/Anexo:Personajes_de_Final_Fantasy,https://na.finalfantasy.com/titles/finalfantasy7
ff7-neo_bahamut,ff7,Final Fantasy VII,Neo Bahamut,,invocación,otro,revision_manual,https://es.wikipedia.org/wiki/Anexo:Personajes_de_Final_Fantasy,https://na.finalfantasy.com/titles/finalfantasy7
ff7-phoenix,ff7,Final Fantasy VII,Phoenix,,invocación,otro,revision_manual,https://es.wikipedia.org/wiki/Anexo:Personajes_de_Final_Fantasy,https://na.finalfantasy.com/titles/finalfantasy7
ff7-hades,ff7,Final Fantasy VII,Hades,,invocación,otro,revision_manual,https://es.wikipedia.org/wiki/Anexo:Personajes_de_Final_Fantasy,https://na.finalfantasy.com/titles/finalfantasy7
ff7-typhon,ff7,Final Fantasy VII,Typhon,,invocación,otro,revision_manual,https://es.wikipedia.org/wiki/Anexo:Personajes_de_Final_Fantasy,https://na.finalfantasy.com/titles/finalfantasy7
ff7-bahamut_zero,ff7,Final Fantasy VII,Bahamut ZERO,,invocación,otro,revision_manual,https://es.wikipedia.org/wiki/Anexo:Personajes_de_Final_Fantasy,https://na.finalfantasy.com/titles/finalfantasy7
ff7-knights_of_the_round,ff7,Final Fantasy VII,Knights of the Round,,invocación,otro,revision_manual,https://es.wikipedia.org/wiki/Anexo:Personajes_de_Final_Fantasy,https://na.finalfantasy.com/titles/finalfantasy7
ff8-squall_leonhart,ff8,Final Fantasy VIII,Squall Leonhart,,jugable,hombre,clasificacion_canonica_pendiente_de_cita_individual,https://es.wikipedia.org/wiki/Anexo:Personajes_de_Final_Fantasy,https://na.finalfantasy.com/titles/finalfantasy8
ff8-rinoa_heartilly,ff8,Final Fantasy VIII,Rinoa Heartilly,,jugable,mujer,clasificacion_canonica_pendiente_de_cita_individual,https://es.wikipedia.org/wiki/Anexo:Personajes_de_Final_Fantasy,https://na.finalfantasy.com/titles/finalfantasy8
ff8-quistis_trepe,ff8,Final Fantasy VIII,Quistis Trepe,,jugable,mujer,clasificacion_canonica_pendiente_de_cita_individual,https://es.wikipedia.org/wiki/Anexo:Personajes_de_Final_Fantasy,https://na.finalfantasy.com/titles/finalfantasy8
ff8-selphie_tilmitt,ff8,Final Fantasy VIII,Selphie Tilmitt,,jugable,mujer,clasificacion_canonica_pendiente_de_cita_individual,https://es.wikipedia.org/wiki/Anexo:Personajes_de_Final_Fantasy,https://na.finalfantasy.com/titles/finalfantasy8
ff8-zell_dincht,ff8,Final Fantasy VIII,Zell Dincht,,jugable,hombre,clasificacion_canonica_pendiente_de_cita_individual,https://es.wikipedia.org/wiki/Anexo:Personajes_de_Final_Fantasy,https://na.finalfantasy.com/titles/finalfantasy8
ff8-irvine_kinneas,ff8,Final Fantasy VIII,Irvine Kinneas,,jugable,hombre,clasificacion_canonica_pendiente_de_cita_individual,https://es.wikipedia.org/wiki/Anexo:Personajes_de_Final_Fantasy,https://na.finalfantasy.com/titles/finalfantasy8
ff8-seifer_almasy,ff8,Final Fantasy VIII,Seifer Almasy,,jugable,hombre,clasificacion_canonica_pendiente_de_cita_individual,https://es.wikipedia.org/wiki/Anexo:Personajes_de_Final_Fantasy,https://na.finalfantasy.com/titles/finalfantasy8
ff8-edea_kramer,ff8,Final Fantasy VIII,Edea Kramer,,jugable,mujer,clasificacion_canonica_pendiente_de_cita_individual,https://es.wikipedia.org/wiki/Anexo:Personajes_de_Final_Fantasy,https://na.finalfantasy.com/titles/finalfantasy8
ff8-laguna_loire,ff8,Final Fantasy VIII,Laguna Loire,,jugable,hombre,clasificacion_canonica_pendiente_de_cita_individual,https://es.wikipedia.org/wiki/Anexo:Personajes_de_Final_Fantasy,https://na.finalfantasy.com/titles/finalfantasy8
ff8-kiros_seagill,ff8,Final Fantasy VIII,Kiros Seagill,,jugable,hombre,clasificacion_canonica_pendiente_de_cita_individual,https://es.wikipedia.org/wiki/Anexo:Personajes_de_Final_Fantasy,https://na.finalfantasy.com/titles/finalfantasy8
ff8-ward_zabac,ff8,Final Fantasy VIII,Ward Zabac,,jugable,hombre,clasificacion_canonica_pendiente_de_cita_individual,https://es.wikipedia.org/wiki/Anexo:Personajes_de_Final_Fantasy,https://na.finalfantasy.com/titles/finalfantasy8
ff8-ultimecia,ff8,Final Fantasy VIII,Ultimecia,,villano,mujer,clasificacion_canonica_pendiente_de_cita_individual,https://es.wikipedia.org/wiki/Anexo:Personajes_de_Final_Fantasy,https://na.finalfantasy.com/titles/finalfantasy8
ff8-cid_kramer,ff8,Final Fantasy VIII,Cid Kramer,,secundario,hombre,clasificacion_canonica_pendiente_de_cita_individual,https://es.wikipedia.org/wiki/Anexo:Personajes_de_Final_Fantasy,https://na.finalfantasy.com/titles/finalfantasy8
ff8-ellone,ff8,Final Fantasy VIII,Ellone,,secundario,mujer,clasificacion_canonica_pendiente_de_cita_individual,https://es.wikipedia.org/wiki/Anexo:Personajes_de_Final_Fantasy,https://na.finalfantasy.com/titles/finalfantasy8
ff8-nida,ff8,Final Fantasy VIII,Nida,,secundario,hombre,clasificacion_canonica_pendiente_de_cita_individual,https://es.wikipedia.org/wiki/Anexo:Personajes_de_Final_Fantasy,https://na.finalfantasy.com/titles/finalfantasy8
ff8-xu,ff8,Final Fantasy VIII,Xu,,secundario,mujer,clasificacion_canonica_pendiente_de_cita_individual,https://es.wikipedia.org/wiki/Anexo:Personajes_de_Final_Fantasy,https://na.finalfantasy.com/titles/finalfantasy8
ff8-general_caraway,ff8,Final Fantasy VIII,General Caraway,,secundario,hombre,clasificacion_canonica_pendiente_de_cita_individual,https://es.wikipedia.org/wiki/Anexo:Personajes_de_Final_Fantasy,https://na.finalfantasy.com/titles/finalfantasy8
ff8-fujin,ff8,Final Fantasy VIII,Fujin,,secundario,mujer,clasificacion_canonica_pendiente_de_cita_individual,https://es.wikipedia.org/wiki/Anexo:Personajes_de_Final_Fantasy,https://na.finalfantasy.com/titles/finalfantasy8
ff8-raijin,ff8,Final Fantasy VIII,Raijin,,secundario,hombre,clasificacion_canonica_pendiente_de_cita_individual,https://es.wikipedia.org/wiki/Anexo:Personajes_de_Final_Fantasy,https://na.finalfantasy.com/titles/finalfantasy8
ff8-dr_odine,ff8,Final Fantasy VIII,Dr. Odine,,secundario,hombre,clasificacion_canonica_pendiente_de_cita_individual,https://es.wikipedia.org/wiki/Anexo:Personajes_de_Final_Fantasy,https://na.finalfantasy.com/titles/finalfantasy8
ff8-angelo,ff8,Final Fantasy VIII,Angelo,,secundario,otro,revision_manual,https://es.wikipedia.org/wiki/Anexo:Personajes_de_Final_Fantasy,https://na.finalfantasy.com/titles/finalfantasy8
ff8-quezacotl,ff8,Final Fantasy VIII,Quezacotl,,guardian force,otro,revision_manual,https://es.wikipedia.org/wiki/Anexo:Personajes_de_Final_Fantasy,https://na.finalfantasy.com/titles/finalfantasy8
ff8-shiva,ff8,Final Fantasy VIII,Shiva,,guardian force,mujer,clasificacion_canonica_pendiente_de_cita_individual,https://es.wikipedia.org/wiki/Anexo:Personajes_de_Final_Fantasy,https://na.finalfantasy.com/titles/finalfantasy8
ff8-ifrit,ff8,Final Fantasy VIII,Ifrit,,guardian force,otro,revision_manual,https://es.wikipedia.org/wiki/Anexo:Personajes_de_Final_Fantasy,https://na.finalfantasy.com/titles/finalfantasy8
ff8-siren,ff8,Final Fantasy VIII,Siren,,guardian force,mujer,clasificacion_canonica_pendiente_de_cita_individual,https://es.wikipedia.org/wiki/Anexo:Personajes_de_Final_Fantasy,https://na.finalfantasy.com/titles/finalfantasy8
ff8-brothers,ff8,Final Fantasy VIII,Brothers,,guardian force,otro,revision_manual,https://es.wikipedia.org/wiki/Anexo:Personajes_de_Final_Fantasy,https://na.finalfantasy.com/titles/finalfantasy8
ff8-diablos,ff8,Final Fantasy VIII,Diablos,,guardian force,otro,revision_manual,https://es.wikipedia.org/wiki/Anexo:Personajes_de_Final_Fantasy,https://na.finalfantasy.com/titles/finalfantasy8
ff8-carbuncle,ff8,Final Fantasy VIII,Carbuncle,,guardian force,otro,revision_manual,https://es.wikipedia.org/wiki/Anexo:Personajes_de_Final_Fantasy,https://na.finalfantasy.com/titles/finalfantasy8
ff8-leviathan,ff8,Final Fantasy VIII,Leviathan,,guardian force,otro,revision_manual,https://es.wikipedia.org/wiki/Anexo:Personajes_de_Final_Fantasy,https://na.finalfantasy.com/titles/finalfantasy8
ff8-pandemona,ff8,Final Fantasy VIII,Pandemona,,guardian force,otro,revision_manual,https://es.wikipedia.org/wiki/Anexo:Personajes_de_Final_Fantasy,https://na.finalfantasy.com/titles/finalfantasy8
ff8-cerberus,ff8,Final Fantasy VIII,Cerberus,,guardian force,otro,revision_manual,https://es.wikipedia.org/wiki/Anexo:Personajes_de_Final_Fantasy,https://na.finalfantasy.com/titles/finalfantasy8
ff8-alexander,ff8,Final Fantasy VIII,Alexander,,guardian force,otro,revision_manual,https://es.wikipedia.org/wiki/Anexo:Personajes_de_Final_Fantasy,https://na.finalfantasy.com/titles/finalfantasy8
ff8-doomtrain,ff8,Final Fantasy VIII,Doomtrain,,guardian force,otro,revision_manual,https://es.wikipedia.org/wiki/Anexo:Personajes_de_Final_Fantasy,https://na.finalfantasy.com/titles/finalfantasy8
ff8-cactuar,ff8,Final Fantasy VIII,Cactuar,,guardian force,otro,revision_manual,https://es.wikipedia.org/wiki/Anexo:Personajes_de_Final_Fantasy,https://na.finalfantasy.com/titles/finalfantasy8
ff8-tonberry,ff8,Final Fantasy VIII,Tonberry,,guardian force,otro,revision_manual,https://es.wikipedia.org/wiki/Anexo:Personajes_de_Final_Fantasy,https://na.finalfantasy.com/titles/finalfantasy8
ff8-bahamut,ff8,Final Fantasy VIII,Bahamut,,guardian force,otro,revision_manual,https://es.wikipedia.org/wiki/Anexo:Personajes_de_Final_Fantasy,https://na.finalfantasy.com/titles/finalfantasy8
ff8-eden,ff8,Final Fantasy VIII,Eden,,guardian force,otro,revision_manual,https://es.wikipedia.org/wiki/Anexo:Personajes_de_Final_Fantasy,https://na.finalfantasy.com/titles/finalfantasy8
ff8-boko,ff8,Final Fantasy VIII,Boko,,otra invocación,otro,revision_manual,https://es.wikipedia.org/wiki/Anexo:Personajes_de_Final_Fantasy,https://na.finalfantasy.com/titles/finalfantasy8
ff8-phoenix,ff8,Final Fantasy VIII,Phoenix,,otra invocación,otro,revision_manual,https://es.wikipedia.org/wiki/Anexo:Personajes_de_Final_Fantasy,https://na.finalfantasy.com/titles/finalfantasy8
ff8-odin,ff8,Final Fantasy VIII,Odin,,otra invocación,otro,revision_manual,https://es.wikipedia.org/wiki/Anexo:Personajes_de_Final_Fantasy,https://na.finalfantasy.com/titles/finalfantasy8
ff8-gilgamesh,ff8,Final Fantasy VIII,Gilgamesh,,otra invocación,hombre,clasificacion_canonica_pendiente_de_cita_individual,https://es.wikipedia.org/wiki/Anexo:Personajes_de_Final_Fantasy,https://na.finalfantasy.com/titles/finalfantasy8
ff8-minimog,ff8,Final Fantasy VIII,Minimog,,otra invocación,otro,revision_manual,https://es.wikipedia.org/wiki/Anexo:Personajes_de_Final_Fantasy,https://na.finalfantasy.com/titles/finalfantasy8
ff8-moomba,ff8,Final Fantasy VIII,Moomba,,otra invocación,otro,revision_manual,https://es.wikipedia.org/wiki/Anexo:Personajes_de_Final_Fantasy,https://na.finalfantasy.com/titles/finalfantasy8
ff9-zidane_tribal,ff9,Final Fantasy IX,Zidane Tribal,Yitan Tribal,jugable,hombre,clasificacion_canonica_pendiente_de_cita_individual,https://es.wikipedia.org/wiki/Anexo:Personajes_de_Final_Fantasy,https://na.finalfantasy.com/titles/finalfantasy9
ff9-garnet_til_alexandros_xvii,ff9,Final Fantasy IX,Garnet Til Alexandros XVII,Dagger,jugable,mujer,clasificacion_canonica_pendiente_de_cita_individual,https://es.wikipedia.org/wiki/Anexo:Personajes_de_Final_Fantasy,https://na.finalfantasy.com/titles/finalfantasy9
ff9-vivi_ornitier,ff9,Final Fantasy IX,Vivi Ornitier,,jugable,hombre,clasificacion_canonica_pendiente_de_cita_individual,https://es.wikipedia.org/wiki/Anexo:Personajes_de_Final_Fantasy,https://na.finalfantasy.com/titles/finalfantasy9
ff9-adelbert_steiner,ff9,Final Fantasy IX,Adelbert Steiner,,jugable,hombre,clasificacion_canonica_pendiente_de_cita_individual,https://es.wikipedia.org/wiki/Anexo:Personajes_de_Final_Fantasy,https://na.finalfantasy.com/titles/finalfantasy9
ff9-freya_crescent,ff9,Final Fantasy IX,Freya Crescent,,jugable,mujer,clasificacion_canonica_pendiente_de_cita_individual,https://es.wikipedia.org/wiki/Anexo:Personajes_de_Final_Fantasy,https://na.finalfantasy.com/titles/finalfantasy9
ff9-quina_quen,ff9,Final Fantasy IX,Quina Quen,,jugable,otro,revision_manual,https://es.wikipedia.org/wiki/Anexo:Personajes_de_Final_Fantasy,https://na.finalfantasy.com/titles/finalfantasy9
ff9-eiko_carol,ff9,Final Fantasy IX,Eiko Carol,,jugable,mujer,clasificacion_canonica_pendiente_de_cita_individual,https://es.wikipedia.org/wiki/Anexo:Personajes_de_Final_Fantasy,https://na.finalfantasy.com/titles/finalfantasy9
ff9-amarant_coral,ff9,Final Fantasy IX,Amarant Coral,,jugable,hombre,clasificacion_canonica_pendiente_de_cita_individual,https://es.wikipedia.org/wiki/Anexo:Personajes_de_Final_Fantasy,https://na.finalfantasy.com/titles/finalfantasy9
ff9-kuja,ff9,Final Fantasy IX,Kuja,,villano,hombre,clasificacion_canonica_pendiente_de_cita_individual,https://es.wikipedia.org/wiki/Anexo:Personajes_de_Final_Fantasy,https://na.finalfantasy.com/titles/finalfantasy9
ff9-beatrix,ff9,Final Fantasy IX,Beatrix,,secundario,mujer,clasificacion_canonica_pendiente_de_cita_individual,https://es.wikipedia.org/wiki/Anexo:Personajes_de_Final_Fantasy,https://na.finalfantasy.com/titles/finalfantasy9
ff9-blank,ff9,Final Fantasy IX,Blank,,secundario,hombre,clasificacion_canonica_pendiente_de_cita_individual,https://es.wikipedia.org/wiki/Anexo:Personajes_de_Final_Fantasy,https://na.finalfantasy.com/titles/finalfantasy9
ff9-marcus,ff9,Final Fantasy IX,Marcus,,secundario,hombre,clasificacion_canonica_pendiente_de_cita_individual,https://es.wikipedia.org/wiki/Anexo:Personajes_de_Final_Fantasy,https://na.finalfantasy.com/titles/finalfantasy9
ff9-cinna,ff9,Final Fantasy IX,Cinna,,secundario,hombre,clasificacion_canonica_pendiente_de_cita_individual,https://es.wikipedia.org/wiki/Anexo:Personajes_de_Final_Fantasy,https://na.finalfantasy.com/titles/finalfantasy9
ff9-baku,ff9,Final Fantasy IX,Baku,,secundario,hombre,clasificacion_canonica_pendiente_de_cita_individual,https://es.wikipedia.org/wiki/Anexo:Personajes_de_Final_Fantasy,https://na.finalfantasy.com/titles/finalfantasy9
ff9-ramuh,ff9,Final Fantasy IX,Ramuh,,eidolón,otro,revision_manual,https://es.wikipedia.org/wiki/Anexo:Personajes_de_Final_Fantasy,https://na.finalfantasy.com/titles/finalfantasy9
ff9-shiva,ff9,Final Fantasy IX,Shiva,,eidolón,mujer,clasificacion_canonica_pendiente_de_cita_individual,https://es.wikipedia.org/wiki/Anexo:Personajes_de_Final_Fantasy,https://na.finalfantasy.com/titles/finalfantasy9
ff9-ifrit,ff9,Final Fantasy IX,Ifrit,,eidolón,otro,revision_manual,https://es.wikipedia.org/wiki/Anexo:Personajes_de_Final_Fantasy,https://na.finalfantasy.com/titles/finalfantasy9
ff9-atomos,ff9,Final Fantasy IX,Atomos,,eidolón,otro,revision_manual,https://es.wikipedia.org/wiki/Anexo:Personajes_de_Final_Fantasy,https://na.finalfantasy.com/titles/finalfantasy9
ff9-odin,ff9,Final Fantasy IX,Odin,,eidolón,otro,revision_manual,https://es.wikipedia.org/wiki/Anexo:Personajes_de_Final_Fantasy,https://na.finalfantasy.com/titles/finalfantasy9
ff9-leviathan,ff9,Final Fantasy IX,Leviathan,,eidolón,otro,revision_manual,https://es.wikipedia.org/wiki/Anexo:Personajes_de_Final_Fantasy,https://na.finalfantasy.com/titles/finalfantasy9
ff9-bahamut,ff9,Final Fantasy IX,Bahamut,,eidolón,otro,revision_manual,https://es.wikipedia.org/wiki/Anexo:Personajes_de_Final_Fantasy,https://na.finalfantasy.com/titles/finalfantasy9
ff9-ark,ff9,Final Fantasy IX,Ark,,eidolón,otro,revision_manual,https://es.wikipedia.org/wiki/Anexo:Personajes_de_Final_Fantasy,https://na.finalfantasy.com/titles/finalfantasy9
ff9-fenrir,ff9,Final Fantasy IX,Fenrir,,eidolón,otro,revision_manual,https://es.wikipedia.org/wiki/Anexo:Personajes_de_Final_Fantasy,https://na.finalfantasy.com/titles/finalfantasy9
ff9-carbuncle,ff9,Final Fantasy IX,Carbuncle,,eidolón,otro,revision_manual,https://es.wikipedia.org/wiki/Anexo:Personajes_de_Final_Fantasy,https://na.finalfantasy.com/titles/finalfantasy9
ff9-phoenix,ff9,Final Fantasy IX,Phoenix,,eidolón,otro,revision_manual,https://es.wikipedia.org/wiki/Anexo:Personajes_de_Final_Fantasy,https://na.finalfantasy.com/titles/finalfantasy9
ff9-madeen,ff9,Final Fantasy IX,Madeen,,eidolón,otro,revision_manual,https://es.wikipedia.org/wiki/Anexo:Personajes_de_Final_Fantasy,https://na.finalfantasy.com/titles/finalfantasy9
ff10-tidus,ff10,Final Fantasy X,Tidus,,jugable,hombre,clasificacion_canonica_pendiente_de_cita_individual,https://es.wikipedia.org/wiki/Anexo:Personajes_de_Final_Fantasy,https://na.finalfantasy.com/titles/finalfantasy10
ff10-yuna,ff10,Final Fantasy X,Yuna,,jugable,mujer,clasificacion_canonica_pendiente_de_cita_individual,https://es.wikipedia.org/wiki/Anexo:Personajes_de_Final_Fantasy,https://na.finalfantasy.com/titles/finalfantasy10
ff10-lulu,ff10,Final Fantasy X,Lulu,,jugable,mujer,clasificacion_canonica_pendiente_de_cita_individual,https://es.wikipedia.org/wiki/Anexo:Personajes_de_Final_Fantasy,https://na.finalfantasy.com/titles/finalfantasy10
ff10-wakka,ff10,Final Fantasy X,Wakka,,jugable,hombre,clasificacion_canonica_pendiente_de_cita_individual,https://es.wikipedia.org/wiki/Anexo:Personajes_de_Final_Fantasy,https://na.finalfantasy.com/titles/finalfantasy10
ff10-kimahri_ronso,ff10,Final Fantasy X,Kimahri Ronso,,jugable,hombre,clasificacion_canonica_pendiente_de_cita_individual,https://es.wikipedia.org/wiki/Anexo:Personajes_de_Final_Fantasy,https://na.finalfantasy.com/titles/finalfantasy10
ff10-rikku,ff10,Final Fantasy X,Rikku,,jugable,mujer,clasificacion_canonica_pendiente_de_cita_individual,https://es.wikipedia.org/wiki/Anexo:Personajes_de_Final_Fantasy,https://na.finalfantasy.com/titles/finalfantasy10
ff10-auron,ff10,Final Fantasy X,Auron,,jugable,hombre,clasificacion_canonica_pendiente_de_cita_individual,https://es.wikipedia.org/wiki/Anexo:Personajes_de_Final_Fantasy,https://na.finalfantasy.com/titles/finalfantasy10
ff10-seymour_guado,ff10,Final Fantasy X,Seymour Guado,,villano,hombre,clasificacion_canonica_pendiente_de_cita_individual,https://es.wikipedia.org/wiki/Anexo:Personajes_de_Final_Fantasy,https://na.finalfantasy.com/titles/finalfantasy10
ff10-yunalesca,ff10,Final Fantasy X,Yunalesca,,villano,mujer,clasificacion_canonica_pendiente_de_cita_individual,https://es.wikipedia.org/wiki/Anexo:Personajes_de_Final_Fantasy,https://na.finalfantasy.com/titles/finalfantasy10
ff10-jecht,ff10,Final Fantasy X,Jecht,,villano,hombre,clasificacion_canonica_pendiente_de_cita_individual,https://es.wikipedia.org/wiki/Anexo:Personajes_de_Final_Fantasy,https://na.finalfantasy.com/titles/finalfantasy10
ff10-valefor,ff10,Final Fantasy X,Valefor,,eón,otro,revision_manual,https://es.wikipedia.org/wiki/Anexo:Personajes_de_Final_Fantasy,https://na.finalfantasy.com/titles/finalfantasy10
ff10-ifrit,ff10,Final Fantasy X,Ifrit,,eón,otro,revision_manual,https://es.wikipedia.org/wiki/Anexo:Personajes_de_Final_Fantasy,https://na.finalfantasy.com/titles/finalfantasy10
ff10-ixion,ff10,Final Fantasy X,Ixion,,eón,otro,revision_manual,https://es.wikipedia.org/wiki/Anexo:Personajes_de_Final_Fantasy,https://na.finalfantasy.com/titles/finalfantasy10
ff10-shiva,ff10,Final Fantasy X,Shiva,,eón,mujer,clasificacion_canonica_pendiente_de_cita_individual,https://es.wikipedia.org/wiki/Anexo:Personajes_de_Final_Fantasy,https://na.finalfantasy.com/titles/finalfantasy10
ff10-bahamut,ff10,Final Fantasy X,Bahamut,,eón,otro,revision_manual,https://es.wikipedia.org/wiki/Anexo:Personajes_de_Final_Fantasy,https://na.finalfantasy.com/titles/finalfantasy10
ff10-yojimbo,ff10,Final Fantasy X,Yojimbo,,eón,otro,revision_manual,https://es.wikipedia.org/wiki/Anexo:Personajes_de_Final_Fantasy,https://na.finalfantasy.com/titles/finalfantasy10
ff10-anima,ff10,Final Fantasy X,Anima,,eón,otro,revision_manual,https://es.wikipedia.org/wiki/Anexo:Personajes_de_Final_Fantasy,https://na.finalfantasy.com/titles/finalfantasy10
ff10-magus_sisters,ff10,Final Fantasy X,Magus Sisters,,eón,otro,revision_manual,https://es.wikipedia.org/wiki/Anexo:Personajes_de_Final_Fantasy,https://na.finalfantasy.com/titles/finalfantasy10
ff10_2-tidus,ff10_2,Final Fantasy X-2,Tidus,,principal,hombre,clasificacion_canonica_pendiente_de_cita_individual,https://es.wikipedia.org/wiki/Anexo:Personajes_de_Final_Fantasy,https://na.finalfantasy.com/titles/finalfantasy10
ff10_2-yuna,ff10_2,Final Fantasy X-2,Yuna,,principal,mujer,clasificacion_canonica_pendiente_de_cita_individual,https://es.wikipedia.org/wiki/Anexo:Personajes_de_Final_Fantasy,https://na.finalfantasy.com/titles/finalfantasy10
ff10_2-rikku,ff10_2,Final Fantasy X-2,Rikku,,principal,mujer,clasificacion_canonica_pendiente_de_cita_individual,https://es.wikipedia.org/wiki/Anexo:Personajes_de_Final_Fantasy,https://na.finalfantasy.com/titles/finalfantasy10
ff10_2-paine,ff10_2,Final Fantasy X-2,Paine,,principal,mujer,clasificacion_canonica_pendiente_de_cita_individual,https://es.wikipedia.org/wiki/Anexo:Personajes_de_Final_Fantasy,https://na.finalfantasy.com/titles/finalfantasy10
ff10_2-brother,ff10_2,Final Fantasy X-2,Brother,,secundario,hombre,clasificacion_canonica_pendiente_de_cita_individual,https://es.wikipedia.org/wiki/Anexo:Personajes_de_Final_Fantasy,https://na.finalfantasy.com/titles/finalfantasy10
ff10_2-buddy,ff10_2,Final Fantasy X-2,Buddy,,secundario,hombre,clasificacion_canonica_pendiente_de_cita_individual,https://es.wikipedia.org/wiki/Anexo:Personajes_de_Final_Fantasy,https://na.finalfantasy.com/titles/finalfantasy10
ff10_2-shinra,ff10_2,Final Fantasy X-2,Shinra,,secundario,hombre,clasificacion_canonica_pendiente_de_cita_individual,https://es.wikipedia.org/wiki/Anexo:Personajes_de_Final_Fantasy,https://na.finalfantasy.com/titles/finalfantasy10
ff10_2-barkeep,ff10_2,Final Fantasy X-2,Barkeep,,secundario,hombre,clasificacion_canonica_pendiente_de_cita_individual,https://es.wikipedia.org/wiki/Anexo:Personajes_de_Final_Fantasy,https://na.finalfantasy.com/titles/finalfantasy10
ff10_2-nooj,ff10_2,Final Fantasy X-2,Nooj,,secundario,hombre,clasificacion_canonica_pendiente_de_cita_individual,https://es.wikipedia.org/wiki/Anexo:Personajes_de_Final_Fantasy,https://na.finalfantasy.com/titles/finalfantasy10
ff10_2-baralai,ff10_2,Final Fantasy X-2,Baralai,,secundario,hombre,clasificacion_canonica_pendiente_de_cita_individual,https://es.wikipedia.org/wiki/Anexo:Personajes_de_Final_Fantasy,https://na.finalfantasy.com/titles/finalfantasy10
ff10_2-gippal,ff10_2,Final Fantasy X-2,Gippal,,secundario,hombre,clasificacion_canonica_pendiente_de_cita_individual,https://es.wikipedia.org/wiki/Anexo:Personajes_de_Final_Fantasy,https://na.finalfantasy.com/titles/finalfantasy10
ff10_2-lenne,ff10_2,Final Fantasy X-2,Lenne,,secundario,mujer,clasificacion_canonica_pendiente_de_cita_individual,https://es.wikipedia.org/wiki/Anexo:Personajes_de_Final_Fantasy,https://na.finalfantasy.com/titles/finalfantasy10
ff10_2-ormi,ff10_2,Final Fantasy X-2,Ormi,,secundario,hombre,clasificacion_canonica_pendiente_de_cita_individual,https://es.wikipedia.org/wiki/Anexo:Personajes_de_Final_Fantasy,https://na.finalfantasy.com/titles/finalfantasy10
ff10_2-logos,ff10_2,Final Fantasy X-2,Logos,,secundario,hombre,clasificacion_canonica_pendiente_de_cita_individual,https://es.wikipedia.org/wiki/Anexo:Personajes_de_Final_Fantasy,https://na.finalfantasy.com/titles/finalfantasy10
ff10_2-leblanc,ff10_2,Final Fantasy X-2,Leblanc,,secundario,mujer,clasificacion_canonica_pendiente_de_cita_individual,https://es.wikipedia.org/wiki/Anexo:Personajes_de_Final_Fantasy,https://na.finalfantasy.com/titles/finalfantasy10
ff10_2-vegnagun,ff10_2,Final Fantasy X-2,Vegnagun,,villano,otro,revision_manual,https://es.wikipedia.org/wiki/Anexo:Personajes_de_Final_Fantasy,https://na.finalfantasy.com/titles/finalfantasy10
ff10_2-shuyin,ff10_2,Final Fantasy X-2,Shuyin,,villano,hombre,clasificacion_canonica_pendiente_de_cita_individual,https://es.wikipedia.org/wiki/Anexo:Personajes_de_Final_Fantasy,https://na.finalfantasy.com/titles/finalfantasy10
ff10_2-dark_valefor,ff10_2,Final Fantasy X-2,Dark Valefor,,eón oscuro,otro,revision_manual,https://es.wikipedia.org/wiki/Anexo:Personajes_de_Final_Fantasy,https://na.finalfantasy.com/titles/finalfantasy10
ff10_2-dark_ifrit,ff10_2,Final Fantasy X-2,Dark Ifrit,,eón oscuro,otro,revision_manual,https://es.wikipedia.org/wiki/Anexo:Personajes_de_Final_Fantasy,https://na.finalfantasy.com/titles/finalfantasy10
ff10_2-dark_ixion,ff10_2,Final Fantasy X-2,Dark Ixion,,eón oscuro,otro,revision_manual,https://es.wikipedia.org/wiki/Anexo:Personajes_de_Final_Fantasy,https://na.finalfantasy.com/titles/finalfantasy10
ff10_2-dark_shiva,ff10_2,Final Fantasy X-2,Dark Shiva,,eón oscuro,otro,revision_manual,https://es.wikipedia.org/wiki/Anexo:Personajes_de_Final_Fantasy,https://na.finalfantasy.com/titles/finalfantasy10
ff10_2-dark_bahamut,ff10_2,Final Fantasy X-2,Dark Bahamut,,eón oscuro,otro,revision_manual,https://es.wikipedia.org/wiki/Anexo:Personajes_de_Final_Fantasy,https://na.finalfantasy.com/titles/finalfantasy10
ff10_2-dark_yojimbo,ff10_2,Final Fantasy X-2,Dark Yojimbo,,eón oscuro,otro,revision_manual,https://es.wikipedia.org/wiki/Anexo:Personajes_de_Final_Fantasy,https://na.finalfantasy.com/titles/finalfantasy10
ff10_2-dark_anima,ff10_2,Final Fantasy X-2,Dark Anima,,eón oscuro,otro,revision_manual,https://es.wikipedia.org/wiki/Anexo:Personajes_de_Final_Fantasy,https://na.finalfantasy.com/titles/finalfantasy10
ff10_2-dark_magus_sisters,ff10_2,Final Fantasy X-2,Dark Magus Sisters,,eón oscuro,otro,revision_manual,https://es.wikipedia.org/wiki/Anexo:Personajes_de_Final_Fantasy,https://na.finalfantasy.com/titles/finalfantasy10
ff11-shantotto,ff11,Final Fantasy XI,Shantotto,,personaje,mujer,clasificacion_canonica_pendiente_de_cita_individual,https://es.wikipedia.org/wiki/Anexo:Personajes_de_Final_Fantasy,https://na.finalfantasy.com/titles/finalfantasy11
ff11-prishe,ff11,Final Fantasy XI,Prishe,,personaje,mujer,clasificacion_canonica_pendiente_de_cita_individual,https://es.wikipedia.org/wiki/Anexo:Personajes_de_Final_Fantasy,https://na.finalfantasy.com/titles/finalfantasy11
ff12-vaan,ff12,Final Fantasy XII,Vaan,,jugable,hombre,clasificacion_canonica_pendiente_de_cita_individual,https://es.wikipedia.org/wiki/Anexo:Personajes_de_Final_Fantasy,https://na.finalfantasy.com/titles/finalfantasy12
ff12-ashelia_b_nargin_dalmasca,ff12,Final Fantasy XII,Ashelia B'nargin Dalmasca,Ashe,jugable,mujer,clasificacion_canonica_pendiente_de_cita_individual,https://es.wikipedia.org/wiki/Anexo:Personajes_de_Final_Fantasy,https://na.finalfantasy.com/titles/finalfantasy12
ff12-penelo,ff12,Final Fantasy XII,Penelo,,jugable,mujer,clasificacion_canonica_pendiente_de_cita_individual,https://es.wikipedia.org/wiki/Anexo:Personajes_de_Final_Fantasy,https://na.finalfantasy.com/titles/finalfantasy12
ff12-balthier,ff12,Final Fantasy XII,Balthier,,jugable,hombre,clasificacion_canonica_pendiente_de_cita_individual,https://es.wikipedia.org/wiki/Anexo:Personajes_de_Final_Fantasy,https://na.finalfantasy.com/titles/finalfantasy12
ff12-fran,ff12,Final Fantasy XII,Fran,,jugable,mujer,clasificacion_canonica_pendiente_de_cita_individual,https://es.wikipedia.org/wiki/Anexo:Personajes_de_Final_Fantasy,https://na.finalfantasy.com/titles/finalfantasy12
ff12-basch_fon_ronsenburg,ff12,Final Fantasy XII,Basch fon Ronsenburg,,jugable,hombre,clasificacion_canonica_pendiente_de_cita_individual,https://es.wikipedia.org/wiki/Anexo:Personajes_de_Final_Fantasy,https://na.finalfantasy.com/titles/finalfantasy12
ff12-reks,ff12,Final Fantasy XII,Reks,,temporal,hombre,clasificacion_canonica_pendiente_de_cita_individual,https://es.wikipedia.org/wiki/Anexo:Personajes_de_Final_Fantasy,https://na.finalfantasy.com/titles/finalfantasy12
ff12-vossler,ff12,Final Fantasy XII,Vossler,,temporal,hombre,clasificacion_canonica_pendiente_de_cita_individual,https://es.wikipedia.org/wiki/Anexo:Personajes_de_Final_Fantasy,https://na.finalfantasy.com/titles/finalfantasy12
ff12-larsa_ferrinas_solidor,ff12,Final Fantasy XII,Larsa Ferrinas Solidor,,temporal,hombre,clasificacion_canonica_pendiente_de_cita_individual,https://es.wikipedia.org/wiki/Anexo:Personajes_de_Final_Fantasy,https://na.finalfantasy.com/titles/finalfantasy12
ff12-reddas,ff12,Final Fantasy XII,Reddas,,temporal,hombre,clasificacion_canonica_pendiente_de_cita_individual,https://es.wikipedia.org/wiki/Anexo:Personajes_de_Final_Fantasy,https://na.finalfantasy.com/titles/finalfantasy12
ff12-gabranth,ff12,Final Fantasy XII,Gabranth,,otro personaje,hombre,clasificacion_canonica_pendiente_de_cita_individual,https://es.wikipedia.org/wiki/Anexo:Personajes_de_Final_Fantasy,https://na.finalfantasy.com/titles/finalfantasy12
ff12-vayne_carudas_solidor,ff12,Final Fantasy XII,Vayne Carudas Solidor,,otro personaje,hombre,clasificacion_canonica_pendiente_de_cita_individual,https://es.wikipedia.org/wiki/Anexo:Personajes_de_Final_Fantasy,https://na.finalfantasy.com/titles/finalfantasy12
ff12-marquis_halim_ondore_iv,ff12,Final Fantasy XII,Marquis Halim Ondore IV,Marqués Halim d' Ondore IV,otro personaje,hombre,clasificacion_canonica_pendiente_de_cita_individual,https://es.wikipedia.org/wiki/Anexo:Personajes_de_Final_Fantasy,https://na.finalfantasy.com/titles/finalfantasy12
ff12-rasler_heios_nabradia,ff12,Final Fantasy XII,Rasler Heios Nabradia,,otro personaje,hombre,clasificacion_canonica_pendiente_de_cita_individual,https://es.wikipedia.org/wiki/Anexo:Personajes_de_Final_Fantasy,https://na.finalfantasy.com/titles/finalfantasy12
ff12-al_cid_margrace,ff12,Final Fantasy XII,Al-Cid Margrace,,otro personaje,hombre,clasificacion_canonica_pendiente_de_cita_individual,https://es.wikipedia.org/wiki/Anexo:Personajes_de_Final_Fantasy,https://na.finalfantasy.com/titles/finalfantasy12
ff12-dalan,ff12,Final Fantasy XII,Dalan,,otro personaje,hombre,clasificacion_canonica_pendiente_de_cita_individual,https://es.wikipedia.org/wiki/Anexo:Personajes_de_Final_Fantasy,https://na.finalfantasy.com/titles/finalfantasy12
ff12-montblanc,ff12,Final Fantasy XII,Montblanc,,otro personaje,otro,revision_manual,https://es.wikipedia.org/wiki/Anexo:Personajes_de_Final_Fantasy,https://na.finalfantasy.com/titles/finalfantasy12
ff12-belias,ff12,Final Fantasy XII,Belias,,esper,otro,revision_manual,https://es.wikipedia.org/wiki/Anexo:Personajes_de_Final_Fantasy,https://na.finalfantasy.com/titles/finalfantasy12
ff12-cuchulainn,ff12,Final Fantasy XII,Cúchulainn,,esper,otro,revision_manual,https://es.wikipedia.org/wiki/Anexo:Personajes_de_Final_Fantasy,https://na.finalfantasy.com/titles/finalfantasy12
ff12-mateus,ff12,Final Fantasy XII,Mateus,,esper,otro,revision_manual,https://es.wikipedia.org/wiki/Anexo:Personajes_de_Final_Fantasy,https://na.finalfantasy.com/titles/finalfantasy12
ff12-ultima,ff12,Final Fantasy XII,Ultima,,esper,otro,revision_manual,https://es.wikipedia.org/wiki/Anexo:Personajes_de_Final_Fantasy,https://na.finalfantasy.com/titles/finalfantasy12
ff12-zalera,ff12,Final Fantasy XII,Zalera,,esper,otro,revision_manual,https://es.wikipedia.org/wiki/Anexo:Personajes_de_Final_Fantasy,https://na.finalfantasy.com/titles/finalfantasy12
ff12-adrammelech,ff12,Final Fantasy XII,Adrammelech,,esper,otro,revision_manual,https://es.wikipedia.org/wiki/Anexo:Personajes_de_Final_Fantasy,https://na.finalfantasy.com/titles/finalfantasy12
ff12-hashmal,ff12,Final Fantasy XII,Hashmal,,esper,otro,revision_manual,https://es.wikipedia.org/wiki/Anexo:Personajes_de_Final_Fantasy,https://na.finalfantasy.com/titles/finalfantasy12
ff12-famfrit,ff12,Final Fantasy XII,Famfrit,,esper,otro,revision_manual,https://es.wikipedia.org/wiki/Anexo:Personajes_de_Final_Fantasy,https://na.finalfantasy.com/titles/finalfantasy12
ff12-zodiark,ff12,Final Fantasy XII,Zodiark,,esper,otro,revision_manual,https://es.wikipedia.org/wiki/Anexo:Personajes_de_Final_Fantasy,https://na.finalfantasy.com/titles/finalfantasy12
ff12-shemhazai,ff12,Final Fantasy XII,Shemhazai,,esper,otro,revision_manual,https://es.wikipedia.org/wiki/Anexo:Personajes_de_Final_Fantasy,https://na.finalfantasy.com/titles/finalfantasy12
ff12-chaos,ff12,Final Fantasy XII,Chaos,,esper,otro,revision_manual,https://es.wikipedia.org/wiki/Anexo:Personajes_de_Final_Fantasy,https://na.finalfantasy.com/titles/finalfantasy12
ff12-exodus,ff12,Final Fantasy XII,Exodus,,esper,otro,revision_manual,https://es.wikipedia.org/wiki/Anexo:Personajes_de_Final_Fantasy,https://na.finalfantasy.com/titles/finalfantasy12
ff12-zeromus,ff12,Final Fantasy XII,Zeromus,,esper,otro,revision_manual,https://es.wikipedia.org/wiki/Anexo:Personajes_de_Final_Fantasy,https://na.finalfantasy.com/titles/finalfantasy12
ff13-lightning,ff13,Final Fantasy XIII,Lightning,,jugable,mujer,clasificacion_canonica_pendiente_de_cita_individual,https://es.wikipedia.org/wiki/Anexo:Personajes_de_Final_Fantasy,https://na.finalfantasy.com/titles/finalfantasy13
ff13-snow_villiers,ff13,Final Fantasy XIII,Snow Villiers,,jugable,hombre,clasificacion_canonica_pendiente_de_cita_individual,https://es.wikipedia.org/wiki/Anexo:Personajes_de_Final_Fantasy,https://na.finalfantasy.com/titles/finalfantasy13
ff13-hope_estheim,ff13,Final Fantasy XIII,Hope Estheim,,jugable,hombre,clasificacion_canonica_pendiente_de_cita_individual,https://es.wikipedia.org/wiki/Anexo:Personajes_de_Final_Fantasy,https://na.finalfantasy.com/titles/finalfantasy13
ff13-oerba_dia_vanille,ff13,Final Fantasy XIII,Oerba Dia Vanille,,jugable,mujer,clasificacion_canonica_pendiente_de_cita_individual,https://es.wikipedia.org/wiki/Anexo:Personajes_de_Final_Fantasy,https://na.finalfantasy.com/titles/finalfantasy13
ff13-sazh_katzroy,ff13,Final Fantasy XIII,Sazh Katzroy,,jugable,hombre,clasificacion_canonica_pendiente_de_cita_individual,https://es.wikipedia.org/wiki/Anexo:Personajes_de_Final_Fantasy,https://na.finalfantasy.com/titles/finalfantasy13
ff13-oerba_yun_fang,ff13,Final Fantasy XIII,Oerba Yun Fang,,jugable,mujer,clasificacion_canonica_pendiente_de_cita_individual,https://es.wikipedia.org/wiki/Anexo:Personajes_de_Final_Fantasy,https://na.finalfantasy.com/titles/finalfantasy13
ff13-serah_farron,ff13,Final Fantasy XIII,Serah Farron,,jugable,mujer,clasificacion_canonica_pendiente_de_cita_individual,https://es.wikipedia.org/wiki/Anexo:Personajes_de_Final_Fantasy,https://na.finalfantasy.com/titles/finalfantasy13
ff13_2-serah_farron,ff13_2,Final Fantasy XIII-2,Serah Farron,,jugable,mujer,clasificacion_canonica_pendiente_de_cita_individual,https://es.wikipedia.org/wiki/Anexo:Personajes_de_Final_Fantasy,https://www.square-enix-games.com/news/final-fantasy-xiii-2-pc-includes-console-dlc
ff13_2-noel_kreiss,ff13_2,Final Fantasy XIII-2,Noel Kreiss,,jugable,hombre,clasificacion_canonica_pendiente_de_cita_individual,https://es.wikipedia.org/wiki/Anexo:Personajes_de_Final_Fantasy,https://www.square-enix-games.com/news/final-fantasy-xiii-2-pc-includes-console-dlc
ff13_2-mog,ff13_2,Final Fantasy XIII-2,Mog,,jugable,hombre,clasificacion_canonica_pendiente_de_cita_individual,https://es.wikipedia.org/wiki/Anexo:Personajes_de_Final_Fantasy,https://www.square-enix-games.com/news/final-fantasy-xiii-2-pc-includes-console-dlc
ff13_2-hope_estheim,ff13_2,Final Fantasy XIII-2,Hope Estheim,,jugable,hombre,clasificacion_canonica_pendiente_de_cita_individual,https://es.wikipedia.org/wiki/Anexo:Personajes_de_Final_Fantasy,https://www.square-enix-games.com/news/final-fantasy-xiii-2-pc-includes-console-dlc
ff13_2-lightning,ff13_2,Final Fantasy XIII-2,Lightning,,temporal,mujer,clasificacion_canonica_pendiente_de_cita_individual,https://es.wikipedia.org/wiki/Anexo:Personajes_de_Final_Fantasy,https://www.square-enix-games.com/news/final-fantasy-xiii-2-pc-includes-console-dlc
ff13_2-snow_villiers,ff13_2,Final Fantasy XIII-2,Snow Villiers,,temporal,hombre,clasificacion_canonica_pendiente_de_cita_individual,https://es.wikipedia.org/wiki/Anexo:Personajes_de_Final_Fantasy,https://www.square-enix-games.com/news/final-fantasy-xiii-2-pc-includes-console-dlc
ff13_2-sazh_katzroy,ff13_2,Final Fantasy XIII-2,Sazh Katzroy,,temporal,hombre,clasificacion_canonica_pendiente_de_cita_individual,https://es.wikipedia.org/wiki/Anexo:Personajes_de_Final_Fantasy,https://www.square-enix-games.com/news/final-fantasy-xiii-2-pc-includes-console-dlc
lrff13-lightning,lrff13,Lightning Returns: Final Fantasy XIII,Lightning,,personaje,mujer,clasificacion_canonica_pendiente_de_cita_individual,https://es.wikipedia.org/wiki/Anexo:Personajes_de_Final_Fantasy,https://na.finalfantasy.com/titles/lightningreturns
lrff13-hope_estheim,lrff13,Lightning Returns: Final Fantasy XIII,Hope Estheim,,personaje,hombre,clasificacion_canonica_pendiente_de_cita_individual,https://es.wikipedia.org/wiki/Anexo:Personajes_de_Final_Fantasy,https://na.finalfantasy.com/titles/lightningreturns
lrff13-lumina,lrff13,Lightning Returns: Final Fantasy XIII,Lumina,,personaje,mujer,clasificacion_canonica_pendiente_de_cita_individual,https://es.wikipedia.org/wiki/Anexo:Personajes_de_Final_Fantasy,https://na.finalfantasy.com/titles/lightningreturns
lrff13-mog,lrff13,Lightning Returns: Final Fantasy XIII,Mog,,personaje,hombre,clasificacion_canonica_pendiente_de_cita_individual,https://es.wikipedia.org/wiki/Anexo:Personajes_de_Final_Fantasy,https://na.finalfantasy.com/titles/lightningreturns
lrff13-oerba_dia_vanille,lrff13,Lightning Returns: Final Fantasy XIII,Oerba Dia Vanille,,personaje,mujer,clasificacion_canonica_pendiente_de_cita_individual,https://es.wikipedia.org/wiki/Anexo:Personajes_de_Final_Fantasy,https://na.finalfantasy.com/titles/lightningreturns
lrff13-oerba_yun_fang,lrff13,Lightning Returns: Final Fantasy XIII,Oerba Yun Fang,,personaje,mujer,clasificacion_canonica_pendiente_de_cita_individual,https://es.wikipedia.org/wiki/Anexo:Personajes_de_Final_Fantasy,https://na.finalfantasy.com/titles/lightningreturns
lrff13-noel_kreiss,lrff13,Lightning Returns: Final Fantasy XIII,Noel Kreiss,,jefe,hombre,clasificacion_canonica_pendiente_de_cita_individual,https://es.wikipedia.org/wiki/Anexo:Personajes_de_Final_Fantasy,https://na.finalfantasy.com/titles/lightningreturns
lrff13-snow_villiers,lrff13,Lightning Returns: Final Fantasy XIII,Snow Villiers,,jefe,hombre,clasificacion_canonica_pendiente_de_cita_individual,https://es.wikipedia.org/wiki/Anexo:Personajes_de_Final_Fantasy,https://na.finalfantasy.com/titles/lightningreturns
lrff13-caius_ballad,lrff13,Lightning Returns: Final Fantasy XIII,Caius Ballad,,jefe,hombre,clasificacion_canonica_pendiente_de_cita_individual,https://es.wikipedia.org/wiki/Anexo:Personajes_de_Final_Fantasy,https://na.finalfantasy.com/titles/lightningreturns
lrff13-bhunivelze,lrff13,Lightning Returns: Final Fantasy XIII,Bhunivelze,,jefe,otro,revision_manual,https://es.wikipedia.org/wiki/Anexo:Personajes_de_Final_Fantasy,https://na.finalfantasy.com/titles/lightningreturns
ff15-noctis_lucis_caelum,ff15,Final Fantasy XV,Noctis Lucis Caelum,,personaje,hombre,clasificacion_canonica_pendiente_de_cita_individual,https://es.wikipedia.org/wiki/Anexo:Personajes_de_Final_Fantasy,https://na.finalfantasy.com/titles/finalfantasy15
ff15-prompto_argentum,ff15,Final Fantasy XV,Prompto Argentum,,personaje,hombre,clasificacion_canonica_pendiente_de_cita_individual,https://es.wikipedia.org/wiki/Anexo:Personajes_de_Final_Fantasy,https://na.finalfantasy.com/titles/finalfantasy15
ff15-ignis_scientia,ff15,Final Fantasy XV,Ignis Scientia,,personaje,hombre,clasificacion_canonica_pendiente_de_cita_individual,https://es.wikipedia.org/wiki/Anexo:Personajes_de_Final_Fantasy,https://na.finalfantasy.com/titles/finalfantasy15
ff15-gladiolus_amicitia,ff15,Final Fantasy XV,Gladiolus Amicitia,,personaje,hombre,clasificacion_canonica_pendiente_de_cita_individual,https://es.wikipedia.org/wiki/Anexo:Personajes_de_Final_Fantasy,https://na.finalfantasy.com/titles/finalfantasy15
ff15-cor_leonis,ff15,Final Fantasy XV,Cor Leonis,,personaje,hombre,clasificacion_canonica_pendiente_de_cita_individual,https://es.wikipedia.org/wiki/Anexo:Personajes_de_Final_Fantasy,https://na.finalfantasy.com/titles/finalfantasy15
ff15-cindy_aurum,ff15,Final Fantasy XV,Cindy Aurum,,personaje,mujer,clasificacion_canonica_pendiente_de_cita_individual,https://es.wikipedia.org/wiki/Anexo:Personajes_de_Final_Fantasy,https://na.finalfantasy.com/titles/finalfantasy15
ff15-gentiana,ff15,Final Fantasy XV,Gentiana,Shiva,personaje,mujer,clasificacion_canonica_pendiente_de_cita_individual,https://es.wikipedia.org/wiki/Anexo:Personajes_de_Final_Fantasy,https://na.finalfantasy.com/titles/finalfantasy15
ff15-lunafreya_nox_fleuret,ff15,Final Fantasy XV,Lunafreya Nox Fleuret,,personaje,mujer,clasificacion_canonica_pendiente_de_cita_individual,https://es.wikipedia.org/wiki/Anexo:Personajes_de_Final_Fantasy,https://na.finalfantasy.com/titles/finalfantasy15
ff15-ardyn_izunia,ff15,Final Fantasy XV,Ardyn Izunia,,personaje,hombre,clasificacion_canonica_pendiente_de_cita_individual,https://es.wikipedia.org/wiki/Anexo:Personajes_de_Final_Fantasy,https://na.finalfantasy.com/titles/finalfantasy15
ff15-ravus_nox_fleuret,ff15,Final Fantasy XV,Ravus Nox Fleuret,,personaje,hombre,clasificacion_canonica_pendiente_de_cita_individual,https://es.wikipedia.org/wiki/Anexo:Personajes_de_Final_Fantasy,https://na.finalfantasy.com/titles/finalfantasy15
ff15-aranea_highwind,ff15,Final Fantasy XV,Aranea Highwind,,personaje,mujer,clasificacion_canonica_pendiente_de_cita_individual,https://es.wikipedia.org/wiki/Anexo:Personajes_de_Final_Fantasy,https://na.finalfantasy.com/titles/finalfantasy15
ff15-loqi_tummelt,ff15,Final Fantasy XV,Loqi Tummelt,,personaje,hombre,clasificacion_canonica_pendiente_de_cita_individual,https://es.wikipedia.org/wiki/Anexo:Personajes_de_Final_Fantasy,https://na.finalfantasy.com/titles/finalfantasy15
ff15-iedolas_aldercapt,ff15,Final Fantasy XV,Iedolas Aldercapt,,personaje,hombre,clasificacion_canonica_pendiente_de_cita_individual,https://es.wikipedia.org/wiki/Anexo:Personajes_de_Final_Fantasy,https://na.finalfantasy.com/titles/finalfantasy15
fft-ramza_beoulve,fft,Final Fantasy Tactics,Ramza Beoulve,,principal,hombre,clasificacion_canonica_pendiente_de_cita_individual,https://es.wikipedia.org/wiki/Anexo:Personajes_de_Final_Fantasy,https://na.finalfantasy.com/titles/finalfantasytactics
fft-delita_heiral,fft,Final Fantasy Tactics,Delita Heiral,,principal,hombre,clasificacion_canonica_pendiente_de_cita_individual,https://es.wikipedia.org/wiki/Anexo:Personajes_de_Final_Fantasy,https://na.finalfantasy.com/titles/finalfantasytactics
fft-agrias_oaks,fft,Final Fantasy Tactics,Agrias Oaks,,principal,mujer,clasificacion_canonica_pendiente_de_cita_individual,https://es.wikipedia.org/wiki/Anexo:Personajes_de_Final_Fantasy,https://na.finalfantasy.com/titles/finalfantasytactics
fft-rafa_galthena,fft,Final Fantasy Tactics,Rafa Galthena,,principal,mujer,clasificacion_canonica_pendiente_de_cita_individual,https://es.wikipedia.org/wiki/Anexo:Personajes_de_Final_Fantasy,https://na.finalfantasy.com/titles/finalfantasytactics
fft-malak_galthena,fft,Final Fantasy Tactics,Malak Galthena,,principal,hombre,clasificacion_canonica_pendiente_de_cita_individual,https://es.wikipedia.org/wiki/Anexo:Personajes_de_Final_Fantasy,https://na.finalfantasy.com/titles/finalfantasytactics
fft-mustadio_bunansa,fft,Final Fantasy Tactics,Mustadio Bunansa,,principal,hombre,clasificacion_canonica_pendiente_de_cita_individual,https://es.wikipedia.org/wiki/Anexo:Personajes_de_Final_Fantasy,https://na.finalfantasy.com/titles/finalfantasytactics
fft-cidolfus_orlandeau,fft,Final Fantasy Tactics,Cidolfus Orlandeau,Orlandu / Cid,principal,hombre,clasificacion_canonica_pendiente_de_cita_individual,https://es.wikipedia.org/wiki/Anexo:Personajes_de_Final_Fantasy,https://na.finalfantasy.com/titles/finalfantasytactics
fft-argath_thadalfus,fft,Final Fantasy Tactics,Argath Thadalfus,,secundario,hombre,clasificacion_canonica_pendiente_de_cita_individual,https://es.wikipedia.org/wiki/Anexo:Personajes_de_Final_Fantasy,https://na.finalfantasy.com/titles/finalfantasytactics
fft-alma_beoulve,fft,Final Fantasy Tactics,Alma Beoulve,,secundario,mujer,clasificacion_canonica_pendiente_de_cita_individual,https://es.wikipedia.org/wiki/Anexo:Personajes_de_Final_Fantasy,https://na.finalfantasy.com/titles/finalfantasytactics
fft-gaffgarion,fft,Final Fantasy Tactics,Gaffgarion,,secundario,hombre,clasificacion_canonica_pendiente_de_cita_individual,https://es.wikipedia.org/wiki/Anexo:Personajes_de_Final_Fantasy,https://na.finalfantasy.com/titles/finalfantasytactics
fft-meliadoul_tengille,fft,Final Fantasy Tactics,Meliadoul Tengille,,secundario,mujer,clasificacion_canonica_pendiente_de_cita_individual,https://es.wikipedia.org/wiki/Anexo:Personajes_de_Final_Fantasy,https://na.finalfantasy.com/titles/finalfantasytactics
fft-cloud_strife,fft,Final Fantasy Tactics,Cloud Strife,,secreto,hombre,clasificacion_canonica_pendiente_de_cita_individual,https://es.wikipedia.org/wiki/Anexo:Personajes_de_Final_Fantasy,https://na.finalfantasy.com/titles/finalfantasytactics
fft-construct_8,fft,Final Fantasy Tactics,Construct 8,Robot,secreto,otro,revision_manual,https://es.wikipedia.org/wiki/Anexo:Personajes_de_Final_Fantasy,https://na.finalfantasy.com/titles/finalfantasytactics
fft-beowulf_cadmus,fft,Final Fantasy Tactics,Beowulf Cadmus,Beuwolf,secreto,hombre,clasificacion_canonica_pendiente_de_cita_individual,https://es.wikipedia.org/wiki/Anexo:Personajes_de_Final_Fantasy,https://na.finalfantasy.com/titles/finalfantasytactics
fft-reis_duelar,fft,Final Fantasy Tactics,Reis Duelar,,secreto,mujer,clasificacion_canonica_pendiente_de_cita_individual,https://es.wikipedia.org/wiki/Anexo:Personajes_de_Final_Fantasy,https://na.finalfantasy.com/titles/finalfantasytactics
ffta-montblanc,ffta,Final Fantasy Tactics Advance,Montblanc,,personaje,otro,revision_manual,https://es.wikipedia.org/wiki/Anexo:Personajes_de_Final_Fantasy,https://na.finalfantasy.com/titles/finalfantasytacticsadvance
ffta-marche_radiuju,ffta,Final Fantasy Tactics Advance,Marche Radiuju,,personaje,hombre,clasificacion_canonica_pendiente_de_cita_individual,https://es.wikipedia.org/wiki/Anexo:Personajes_de_Final_Fantasy,https://na.finalfantasy.com/titles/finalfantasytacticsadvance
ffta-ezel_berbier,ffta,Final Fantasy Tactics Advance,Ezel Berbier,,personaje,hombre,clasificacion_canonica_pendiente_de_cita_individual,https://es.wikipedia.org/wiki/Anexo:Personajes_de_Final_Fantasy,https://na.finalfantasy.com/titles/finalfantasytacticsadvance
ffta-ritz_malheur,ffta,Final Fantasy Tactics Advance,Ritz Malheur,,personaje,mujer,clasificacion_canonica_pendiente_de_cita_individual,https://es.wikipedia.org/wiki/Anexo:Personajes_de_Final_Fantasy,https://na.finalfantasy.com/titles/finalfantasytacticsadvance
ffta-babus_swain,ffta,Final Fantasy Tactics Advance,Babus Swain,,personaje,hombre,clasificacion_canonica_pendiente_de_cita_individual,https://es.wikipedia.org/wiki/Anexo:Personajes_de_Final_Fantasy,https://na.finalfantasy.com/titles/finalfantasytacticsadvance
ffta-shara,ffta,Final Fantasy Tactics Advance,Shara,,personaje,mujer,clasificacion_canonica_pendiente_de_cita_individual,https://es.wikipedia.org/wiki/Anexo:Personajes_de_Final_Fantasy,https://na.finalfantasy.com/titles/finalfantasytacticsadvance
ffta-cid_randell,ffta,Final Fantasy Tactics Advance,Cid Randell,,personaje,hombre,clasificacion_canonica_pendiente_de_cita_individual,https://es.wikipedia.org/wiki/Anexo:Personajes_de_Final_Fantasy,https://na.finalfantasy.com/titles/finalfantasytacticsadvance
ffta2-luso_clemens,ffta2,Final Fantasy Tactics A2: Grimoire of the Rift,Luso Clemens,,protagonista,hombre,clasificacion_canonica_pendiente_de_cita_individual,https://es.wikipedia.org/wiki/Anexo:Personajes_de_Final_Fantasy,https://na.finalfantasy.com/titles/finalfantasytacticsa2
ffta2-cid,ffta2,Final Fantasy Tactics A2: Grimoire of the Rift,Cid,,protagonista,hombre,clasificacion_canonica_pendiente_de_cita_individual,https://es.wikipedia.org/wiki/Anexo:Personajes_de_Final_Fantasy,https://na.finalfantasy.com/titles/finalfantasytacticsa2
ffta2-adelle,ffta2,Final Fantasy Tactics A2: Grimoire of the Rift,Adelle,,protagonista,mujer,clasificacion_canonica_pendiente_de_cita_individual,https://es.wikipedia.org/wiki/Anexo:Personajes_de_Final_Fantasy,https://na.finalfantasy.com/titles/finalfantasytacticsa2
ffta2-zan,ffta2,Final Fantasy Tactics A2: Grimoire of the Rift,Zan,,protagonista,hombre,clasificacion_canonica_pendiente_de_cita_individual,https://es.wikipedia.org/wiki/Anexo:Personajes_de_Final_Fantasy,https://na.finalfantasy.com/titles/finalfantasytacticsa2
ffta2-vaan,ffta2,Final Fantasy Tactics A2: Grimoire of the Rift,Vaan,,protagonista,hombre,clasificacion_canonica_pendiente_de_cita_individual,https://es.wikipedia.org/wiki/Anexo:Personajes_de_Final_Fantasy,https://na.finalfantasy.com/titles/finalfantasytacticsa2
ffta2-penelo,ffta2,Final Fantasy Tactics A2: Grimoire of the Rift,Penelo,,protagonista,mujer,clasificacion_canonica_pendiente_de_cita_individual,https://es.wikipedia.org/wiki/Anexo:Personajes_de_Final_Fantasy,https://na.finalfantasy.com/titles/finalfantasytacticsa2
ffta2-al_cid_margrace,ffta2,Final Fantasy Tactics A2: Grimoire of the Rift,Al-Cid Margrace,,protagonista,hombre,clasificacion_canonica_pendiente_de_cita_individual,https://es.wikipedia.org/wiki/Anexo:Personajes_de_Final_Fantasy,https://na.finalfantasy.com/titles/finalfantasytacticsa2
ffta2-montblanc,ffta2,Final Fantasy Tactics A2: Grimoire of the Rift,Montblanc,,protagonista,otro,revision_manual,https://es.wikipedia.org/wiki/Anexo:Personajes_de_Final_Fantasy,https://na.finalfantasy.com/titles/finalfantasytacticsa2
ffta2-frimelda_lotice,ffta2,Final Fantasy Tactics A2: Grimoire of the Rift,Frimelda Lotice,,protagonista,mujer,clasificacion_canonica_pendiente_de_cita_individual,https://es.wikipedia.org/wiki/Anexo:Personajes_de_Final_Fantasy,https://na.finalfantasy.com/titles/finalfantasytacticsa2
ffta2-illua,ffta2,Final Fantasy Tactics A2: Grimoire of the Rift,Illua,,antagonista,mujer,clasificacion_canonica_pendiente_de_cita_individual,https://es.wikipedia.org/wiki/Anexo:Personajes_de_Final_Fantasy,https://na.finalfantasy.com/titles/finalfantasytacticsa2
ffta2-nukia,ffta2,Final Fantasy Tactics A2: Grimoire of the Rift,Nukia,,antagonista,otro,revision_manual,https://es.wikipedia.org/wiki/Anexo:Personajes_de_Final_Fantasy,https://na.finalfantasy.com/titles/finalfantasytacticsa2
